riskAllele	pValue	pValueAnnotation	riskFrequency	orValue	beta	ci	mappedGenes	traitName	efoTraits	bgTraits	accessionId	locations	pubmedId	author
rs9350204-C	2E-6	-	0.154	-	-	-	RPL29P17,ID4	"Severity of facial solar lentigines"	"skin pigmentation"	-	GCST003591	6:19996577	27327535	"Laville V"
rs2524069-T	3E-7	-	0.13	-	-	-	USP8P1	"Severity of facial solar lentigines"	"skin pigmentation"	-	GCST003591	6:31277012	27327535	"Laville V"
rs2470102-?	4E-12	-	NR	-	"3.4 unit decrease"	NR	MYEF2,SLC24A5	"Skin pigmentation"	"skin pigmentation"	-	GCST005188	15:48141297	29195075	"Martin AR"
chr9:12088112-?	1E-7	-	0.014	-	"13.6 unit decrease"	NR	-	"Skin pigmentation"	"skin pigmentation"	-	GCST005188	-	29195075	"Martin AR"
rs1426654-?	1E-8	-	0.40	-	"3.58 unit decrease"	NR	SLC24A5	"Skin pigmentation"	"skin pigmentation"	-	GCST005188	15:48134287	29195075	"Martin AR"
rs35096708-A	5E-151	-	0.26	-	"0.015 unit increase"	[0.014-0.016]	SPIRE2	"Skin reflectance"	"skin pigmentation"	-	GCST90246327	16:89820841	36536295	"Vollenbrock CE"
rs8049897-A	5E-63	-	0.13	-	"0.013 unit increase"	[0.011-0.015]	DEF8	"Skin reflectance"	"skin pigmentation"	-	GCST90246327	16:89957794	36536295	"Vollenbrock CE"
rs1805008-T	6E-50	-	0.1	-	"0.015 unit increase"	[0.013-0.017]	MC1R	"Skin reflectance"	"skin pigmentation"	-	GCST90246327	16:89919736	36536295	"Vollenbrock CE"
rs150909008-A	2E-52	-	0.13	-	"0.012 unit increase"	[0.01-0.014]	TUBB3	"Skin reflectance"	"skin pigmentation"	-	GCST90246327	16:89938285	36536295	"Vollenbrock CE"
rs117990130-T	8E-30	-	0.18	-	"0.012 unit decrease"	[0.01-0.014]	VPS9D1,ZNF276	"Skin reflectance"	"skin pigmentation"	-	GCST90246327	16:89720932	36536295	"Vollenbrock CE"
rs190295257-C	5E-20	-	0.01	-	"0.025 unit increase"	[0.02-0.03]	SPIRE2	"Skin reflectance"	"skin pigmentation"	-	GCST90246327	16:89840471	36536295	"Vollenbrock CE"
rs55637757-T	6E-20	-	0.12	-	"0.0079 unit increase"	[0.0061-0.0097]	ANKRD11	"Skin reflectance"	"skin pigmentation"	-	GCST90246327	16:89469480	36536295	"Vollenbrock CE"
rs1805006-A	3E-19	-	0.01	-	"0.023 unit increase"	[0.018-0.028]	MC1R	"Skin reflectance"	"skin pigmentation"	-	GCST90246327	16:89919510	36536295	"Vollenbrock CE"
rs117204628-T	3E-15	-	0.01	-	"0.018 unit increase"	[0.014-0.022]	DEF8	"Skin reflectance"	"skin pigmentation"	-	GCST90246327	16:89966047	36536295	"Vollenbrock CE"
rs1805007-T	1E-14	-	0.07	-	"0.013 unit increase"	[0.0097-0.0163]	MC1R	"Skin reflectance"	"skin pigmentation"	-	GCST90246327	16:89919709	36536295	"Vollenbrock CE"
rs62052172-A	4E-14	-	0.004	-	"0.029 unit increase"	[0.022-0.036]	TCF25	"Skin reflectance"	"skin pigmentation"	-	GCST90246327	16:89883822	36536295	"Vollenbrock CE"
rs885479-A	4E-11	-	0.05	-	"0.0086 unit increase"	[0.0061-0.0111]	MC1R	"Skin reflectance"	"skin pigmentation"	-	GCST90246327	16:89919746	36536295	"Vollenbrock CE"
rs11547464-C	2E-9	-	0.12	-	"0.0057 unit increase"	[0.0037-0.0077]	MC1R	"Skin reflectance"	"skin pigmentation"	-	GCST90246327	16:89919683	36536295	"Vollenbrock CE"
chr16:89986546-C	2E-9	-	0.008	-	"0.033 unit increase"	[0.022-0.044]	-	"Skin reflectance"	"skin pigmentation"	-	GCST90246327	-	36536295	"Vollenbrock CE"
rs535930-A	4E-9	-	0.52	-	"0.003 unit increase"	[0.002-0.004]	SLC6A17	"Skin reflectance"	"skin pigmentation"	-	GCST90246327	1:110181866	36536295	"Vollenbrock CE"
rs35805265-T	4E-9	-	0.36	-	"0.003 unit decrease"	[0.002-0.004]	MARCO,EN1	"Skin reflectance"	"skin pigmentation"	-	GCST90246327	2:118874405	36536295	"Vollenbrock CE"
rs6792049-T	4E-10	-	0.56	-	"0.003 unit decrease"	[0.002-0.004]	TIPARP-AS1	"Skin reflectance"	"skin pigmentation"	-	GCST90246327	3:156635372	36536295	"Vollenbrock CE"
rs35407-A	1E-34	-	0.02	-	"0.023 unit decrease"	[0.019-0.027]	SLC45A2	"Skin reflectance"	"skin pigmentation"	-	GCST90246327	5:33946466	36536295	"Vollenbrock CE"
rs17110447-A	4E-15	-	0.7	-	"0.004 unit increase"	[0.0028-0.0052]	PPARGC1B	"Skin reflectance"	"skin pigmentation"	-	GCST90246327	5:149813283	36536295	"Vollenbrock CE"
rs12203592-T	3E-47	-	0.06	-	"0.015 unit increase"	[0.013-0.017]	IRF4	"Skin reflectance"	"skin pigmentation"	-	GCST90246327	6:396321	36536295	"Vollenbrock CE"
rs2049865-A	9E-10	-	0.58	-	"0.003 unit decrease"	[0.002-0.004]	TRPS1	"Skin reflectance"	"skin pigmentation"	-	GCST90246327	8:115576319	36536295	"Vollenbrock CE"
rs12350739-A	3E-27	-	0.57	-	"0.006 unit increase"	[0.005-0.007]	RN7SL720P,BNC2	"Skin reflectance"	"skin pigmentation"	-	GCST90246327	9:16885019	36536295	"Vollenbrock CE"
rs35563099-T	1E-29	-	0.14	-	"0.008 unit decrease"	[0.0066-0.0094]	RAB11FIP2,LINC02674	"Skin reflectance"	"skin pigmentation"	-	GCST90246327	10:117812892	36536295	"Vollenbrock CE"
rs1126809-A	1E-45	-	0.24	-	"0.009 unit increase"	[0.0078-0.0102]	TYR	"Skin reflectance"	"skin pigmentation"	-	GCST90246327	11:89284793	36536295	"Vollenbrock CE"
rs1290177-T	2E-9	-	0.44	-	"0.003 unit decrease"	[0.002-0.004]	ATP11A	"Skin reflectance"	"skin pigmentation"	-	GCST90246327	13:112881818	36536295	"Vollenbrock CE"
rs121918166-T	7E-28	-	0.008	-	"0.035 unit increase"	[0.029-0.041]	OCA2	"Skin reflectance"	"skin pigmentation"	-	GCST90246327	15:27985101	36536295	"Vollenbrock CE"
rs6059655-A	1E-49	-	0.09	-	"0.013 unit increase"	[0.011-0.015]	RALY	"Skin reflectance"	"skin pigmentation"	-	GCST90246327	20:34077942	36536295	"Vollenbrock CE"
rs75499699-?	1E-8	-	NR	-	"0.21 unit decrease"	[0.14-0.28]	ADGRL2	"Skin color (cheek, B value)"	"skin pigmentation"	-	GCST90502779	1:81355115	40010489	"Moon H"
rs1800414-?	2E-10	-	NR	-	"0.13 unit increase"	[0.091-0.169]	OCA2	"Skin color (cheek, ITA value)"	"skin pigmentation"	-	GCST90502780	15:27951891	40010489	"Moon H"
rs1800414-?	3E-8	-	NR	-	"0.11 unit increase"	[0.071-0.149]	OCA2	"Skin color (cheek, L value)"	"skin pigmentation"	-	GCST90502781	15:27951891	40010489	"Moon H"
rs1800414-?	1E-12	-	NR	-	"0.16 unit increase"	[0.11-0.21]	OCA2	"Skin color (forehead, ITA value)"	"skin pigmentation"	-	GCST90502784	15:27951891	40010489	"Moon H"
rs1800414-?	4E-11	-	NR	-	"0.15 unit increase"	[0.11-0.19]	OCA2	"Skin color (forehead, L value)"	"skin pigmentation"	-	GCST90502785	15:27951891	40010489	"Moon H"
rs28784029-T	2E-44	-	0.152997	-	"5.56351 unit decrease"	[4.79-6.34]	HERC2	"Skin phototype score"	"skin pigmentation"	-	GCST90255688	15:28156194	36672889	"Farré X"
rs2961906-A	4E-9	-	0.116325	-	"2.7956 unit increase"	[1.87-3.72]	ADAMTS12	"Skin phototype score"	"skin pigmentation"	-	GCST90255688	5:33858671	36672889	"Farré X"
rs34022588-T	1E-22	-	0.192759	-	"3.24448 unit increase"	[2.6-3.89]	OCA2	"Skin phototype score"	"skin pigmentation"	-	GCST90255688	15:28041261	36672889	"Farré X"
rs34153565-T	1E-12	-	0.0945538	-	"3.20821 unit increase"	[2.33-4.09]	ADAMTS12,RXFP3	"Skin phototype score"	"skin pigmentation"	-	GCST90255688	5:33932226	36672889	"Farré X"
rs34280294-T	2E-15	-	0.050602	-	"4.79431 unit increase"	[3.61-5.98]	RXFP3,ADAMTS12	"Skin phototype score"	"skin pigmentation"	-	GCST90255688	5:33932510	36672889	"Farré X"
rs34369918-C	3E-21	-	0.22658	-	"3.21168 unit increase"	[2.55-3.87]	OCA2	"Skin phototype score"	"skin pigmentation"	-	GCST90255688	15:28032793	36672889	"Farré X"
rs34823980-C	7E-18	-	0.0941118	-	"4.33863 unit increase"	[3.36-5.32]	HERC2	"Skin phototype score"	"skin pigmentation"	-	GCST90255688	15:28264021	36672889	"Farré X"
rs35400-A	6E-10	-	0.0236832	-	"5.60072 unit increase"	[3.83-7.37]	SLC45A2,RXFP3	"Skin phototype score"	"skin pigmentation"	-	GCST90255688	5:33940648	36672889	"Farré X"
rs35404-G	1E-16	-	0.0173051	-	"9.66116 unit increase"	[7.38-11.94]	SLC45A2,RXFP3	"Skin phototype score"	"skin pigmentation"	-	GCST90255688	5:33944407	36672889	"Farré X"
rs35406-G	3E-54	-	0.0682626	-	"8.17197 unit increase"	[7.15-9.19]	SLC45A2	"Skin phototype score"	"skin pigmentation"	-	GCST90255688	5:33946038	36672889	"Farré X"
rs35412-C	6E-85	-	0.103303	-	"8.58179 unit increase"	[7.74-9.43]	SLC45A2	"Skin phototype score"	"skin pigmentation"	-	GCST90255688	5:33967040	36672889	"Farré X"
rs35414-T	4E-19	-	0.411428	-	"2.52931 unit increase"	[1.98-3.08]	SLC45A2	"Skin phototype score"	"skin pigmentation"	-	GCST90255688	5:33969523	36672889	"Farré X"
rs35795965-G	1E-11	-	0.0873482	-	"3.24873 unit increase"	[2.32-4.18]	OCA2	"Skin phototype score"	"skin pigmentation"	-	GCST90255688	15:28091804	36672889	"Farré X"
rs35960920-C	7E-14	-	0.147707	-	"2.7895 unit increase"	[2.06-3.52]	SLC45A2	"Skin phototype score"	"skin pigmentation"	-	GCST90255688	5:33980160	36672889	"Farré X"
rs36089417-C	2E-9	-	0.0596264	-	"3.39423 unit increase"	[2.29-4.5]	AMACR,C1QTNF3-AMACR	"Skin phototype score"	"skin pigmentation"	-	GCST90255688	5:33994939	36672889	"Farré X"
rs367554063-G	4E-12	-	0.0507689	-	"4.69114 unit increase"	[3.37-6.01]	ADAMTS12	"Skin phototype score"	"skin pigmentation"	-	GCST90255688	5:33883328	36672889	"Farré X"
rs369896246-A	2E-12	-	0.152477	-	"2.81651 unit increase"	[2.03-3.6]	TYR,NOX4	"Skin phototype score"	"skin pigmentation"	-	GCST90255688	11:89322393	36672889	"Farré X"
rs370724688-C	4E-14	-	0.443331	-	"2.27673 unit decrease"	[1.69-2.86]	ADAMTS12	"Skin phototype score"	"skin pigmentation"	-	GCST90255688	5:33835954	36672889	"Farré X"
rs373425948-T	6E-17	-	0.102456	-	"3.98756 unit increase"	[3.06-4.92]	HERC2	"Skin phototype score"	"skin pigmentation"	-	GCST90255688	15:28298006	36672889	"Farré X"
rs373468882-T	3E-17	-	0.0648461	-	"4.83034 unit increase"	[3.72-5.95]	HERC2	"Skin phototype score"	"skin pigmentation"	-	GCST90255688	15:28321239	36672889	"Farré X"
rs3776546-A	3E-17	-	0.0883338	-	"3.94232 unit increase"	[3.03-4.86]	SLC45A2	"Skin phototype score"	"skin pigmentation"	-	GCST90255688	5:33975982	36672889	"Farré X"
rs397854007-C	8E-17	-	0.0830975	-	"4.57391 unit increase"	[3.5-5.65]	HERC2	"Skin phototype score"	"skin pigmentation"	-	GCST90255688	15:28225697	36672889	"Farré X"
rs397977468-CT	1E-8	-	0.208851	-	"1.86499 unit increase"	[1.23-2.5]	AMACR,C1QTNF3-AMACR	"Skin phototype score"	"skin pigmentation"	-	GCST90255688	5:34000505	36672889	"Farré X"
rs4074658-C	4E-12	-	0.491689	-	"1.82728 unit decrease"	[1.31-2.34]	OCA2	"Skin phototype score"	"skin pigmentation"	-	GCST90255688	15:28082760	36672889	"Farré X"
rs4248913-A	4E-8	-	0.0338661	-	"4.14625 unit decrease"	[2.67-5.63]	DPEP1	"Skin phototype score"	"skin pigmentation"	-	GCST90255688	16:89626691	36672889	"Farré X"
rs4778137-G	3E-19	-	0.411312	-	"2.42766 unit increase"	[1.9-2.96]	OCA2	"Skin phototype score"	"skin pigmentation"	-	GCST90255688	15:28082689	36672889	"Farré X"
rs4778138-G	6E-39	-	0.292925	-	"3.79649 unit increase"	[3.23-4.36]	OCA2	"Skin phototype score"	"skin pigmentation"	-	GCST90255688	15:28090674	36672889	"Farré X"
rs4778241-A	3E-29	-	0.353085	-	"3.1793 unit increase"	[2.63-3.73]	OCA2	"Skin phototype score"	"skin pigmentation"	-	GCST90255688	15:28093567	36672889	"Farré X"
rs55950592-T	4E-9	-	0.106787	-	"2.68257 unit decrease"	[1.79-3.57]	DPEP1	"Skin phototype score"	"skin pigmentation"	-	GCST90255688	16:89632352	36672889	"Farré X"
rs560973795-T	2E-11	-	0.0129061	-	"8.79865 unit increase"	[6.24-11.35]	SLC45A2	"Skin phototype score"	"skin pigmentation"	-	GCST90255688	5:33954283	36672889	"Farré X"
rs56743903-A	3E-10	-	0.114321	-	"3.05384 unit increase"	[2.11-4]	HERC2	"Skin phototype score"	"skin pigmentation"	-	GCST90255688	15:28173939	36672889	"Farré X"
rs57525174-A	3E-11	-	0.017535	-	"6.70788 unit increase"	[4.73-8.69]	RXFP3,SLC45A2	"Skin phototype score"	"skin pigmentation"	-	GCST90255688	5:33940712	36672889	"Farré X"
rs58836608-G	1E-9	-	0.197307	-	"2.13017 unit increase"	[1.44-2.82]	OCA2	"Skin phototype score"	"skin pigmentation"	-	GCST90255688	15:28079300	36672889	"Farré X"
rs58843292-A	6E-20	-	0.171945	-	"3.21824 unit increase"	[2.53-3.91]	OCA2,HERC2	"Skin phototype score"	"skin pigmentation"	-	GCST90255688	15:28100785	36672889	"Farré X"
rs62007489-T	5E-18	-	0.154267	-	"3.17168 unit decrease"	[2.46-3.89]	OCA2	"Skin phototype score"	"skin pigmentation"	-	GCST90255688	15:28075818	36672889	"Farré X"
rs62211613-C	4E-8	-	0.0296667	-	"4.3557 unit decrease"	[2.81-5.9]	NCOA6	"Skin phototype score"	"skin pigmentation"	-	GCST90255688	20:34801857	36672889	"Farré X"
rs6451047-T	3E-22	-	0.015203	-	"11.5814 unit increase"	[9.25-13.91]	SLC45A2	"Skin phototype score"	"skin pigmentation"	-	GCST90255688	5:33956911	36672889	"Farré X"
rs6451050-T	2E-14	-	0.0104129	-	"11.684 unit increase"	[8.71-14.66]	SLC45A2	"Skin phototype score"	"skin pigmentation"	-	GCST90255688	5:33968217	36672889	"Farré X"
rs6497263-A	7E-20	-	0.122954	-	"3.66024 unit increase"	[2.88-4.44]	OCA2	"Skin phototype score"	"skin pigmentation"	-	GCST90255688	15:28075515	36672889	"Farré X"
rs7116973-A	2E-8	-	0.125584	-	"2.35284 unit increase"	[1.54-3.17]	TYR	"Skin phototype score"	"skin pigmentation"	-	GCST90255688	11:89213898	36672889	"Farré X"
rs7174027-A	1E-23	-	0.213156	-	"3.2349 unit increase"	[2.61-3.86]	OCA2	"Skin phototype score"	"skin pigmentation"	-	GCST90255688	15:28083619	36672889	"Farré X"
rs7198386-C	2E-9	-	0.43177	-	"1.62913 unit increase"	[1.1-2.16]	SPIRE2	"Skin phototype score"	"skin pigmentation"	-	GCST90255688	16:89831488	36672889	"Farré X"
rs72714109-C	5E-20	-	0.2216	-	"2.95108 unit increase"	[2.32-3.58]	OCA2	"Skin phototype score"	"skin pigmentation"	-	GCST90255688	15:28079662	36672889	"Farré X"
rs73077127-C	8E-14	-	0.0192128	-	"7.79026 unit increase"	[5.75-9.83]	SLC45A2	"Skin phototype score"	"skin pigmentation"	-	GCST90255688	5:33960343	36672889	"Farré X"
rs745333093-A	1E-8	-	0.0584191	-	"3.48002 unit increase"	[2.28-4.68]	HERC2P1,HERC2	"Skin phototype score"	"skin pigmentation"	-	GCST90255688	15:28328680	36672889	"Farré X"
rs7494942-A	9E-54	-	0.400874	-	"4.17549 unit increase"	[3.65-4.7]	HERC2	"Skin phototype score"	"skin pigmentation"	-	GCST90255688	15:28118913	36672889	"Farré X"
rs752243327-AAT	7E-9	-	0.152306	-	"2.57314 unit increase"	[1.7-3.44]	ADAMTS12	"Skin phototype score"	"skin pigmentation"	-	GCST90255688	5:33849438	36672889	"Farré X"
rs755407864-CA	4E-16	-	0.0834051	-	"4.57617 unit decrease"	[3.48-5.68]	OCA2	"Skin phototype score"	"skin pigmentation"	-	GCST90255688	15:28032793	36672889	"Farré X"
rs7702361-A	5E-14	-	0.409183	-	"2.01803 unit decrease"	[1.49-2.54]	ADAMTS12,RXFP3	"Skin phototype score"	"skin pigmentation"	-	GCST90255688	5:33935838	36672889	"Farré X"
rs7713279-G	2E-45	-	0.227729	-	"4.45581 unit increase"	[3.84-5.07]	RXFP3,ADAMTS12	"Skin phototype score"	"skin pigmentation"	-	GCST90255688	5:33928797	36672889	"Farré X"
rs78211086-C	5E-9	-	0.0254439	-	"5.17362 unit increase"	[3.45-6.9]	ADAMTS12	"Skin phototype score"	"skin pigmentation"	-	GCST90255688	5:33881892	36672889	"Farré X"
rs79014396-T	6E-11	-	0.0216259	-	"6.05053 unit increase"	[4.24-7.86]	RXFP3	"Skin phototype score"	"skin pigmentation"	-	GCST90255688	5:33936616	36672889	"Farré X"
rs79743671-A	1E-8	-	0.120345	-	"2.36731 unit increase"	[1.55-3.18]	OCA2	"Skin phototype score"	"skin pigmentation"	-	GCST90255688	15:28074502	36672889	"Farré X"
rs869190367-C	1E-17	-	0.0961545	-	"4.23403 unit increase"	[3.26-5.2]	HERC2	"Skin phototype score"	"skin pigmentation"	-	GCST90255688	15:28259970	36672889	"Farré X"
rs895829-C	3E-34	-	0.347204	-	"3.353 unit increase"	[2.82-3.89]	OCA2	"Skin phototype score"	"skin pigmentation"	-	GCST90255688	15:28052911	36672889	"Farré X"
chr15:28287618-CAA	2E-15	-	0.147441	-	"3.12189 unit increase"	[2.35-3.89]	-	"Skin phototype score"	"skin pigmentation"	-	GCST90255688	-	36672889	"Farré X"
chr15:28302952-G	2E-27	-	0.223959	-	"3.46418 unit increase"	[2.84-4.09]	-	"Skin phototype score"	"skin pigmentation"	-	GCST90255688	-	36672889	"Farré X"
chr15:28524761-CCACACACA	9E-21	-	0.0896518	-	"4.63128 unit increase"	[3.66-5.6]	-	"Skin phototype score"	"skin pigmentation"	-	GCST90255688	-	36672889	"Farré X"
chr16:90059336-G	6E-9	-	0.0770322	-	"2.88157 unit decrease"	[1.91-3.85]	-	"Skin phototype score"	"skin pigmentation"	-	GCST90255688	-	36672889	"Farré X"
chr16:90103117-A	4E-8	-	0.415062	-	"1.46215 unit decrease"	[0.94-1.98]	-	"Skin phototype score"	"skin pigmentation"	-	GCST90255688	-	36672889	"Farré X"
chr5:33933736-T	1E-17	-	0.0823761	-	"4.14423 unit increase"	[3.2-5.09]	-	"Skin phototype score"	"skin pigmentation"	-	GCST90255688	-	36672889	"Farré X"
"chr5:33996743-TGTGGTAGTGCG"	9E-9	-	0.0194769	-	"5.48014 unit increase"	[3.61-7.35]	-	"Skin phototype score"	"skin pigmentation"	-	GCST90255688	-	36672889	"Farré X"
rs10080040-T	5E-38	-	0.0339619	-	"9.32618 unit increase"	[7.92-10.73]	SLC45A2	"Skin phototype score"	"skin pigmentation"	-	GCST90255688	5:33950346	36672889	"Farré X"
rs10461708-A	1E-13	-	0.447265	-	"1.99845 unit increase"	[1.47-2.52]	RXFP3,SLC45A2	"Skin phototype score"	"skin pigmentation"	-	GCST90255688	5:33940314	36672889	"Farré X"
rs111372186-A	5E-9	-	0.0250933	-	"5.87436 unit increase"	[3.91-7.83]	SLC45A2	"Skin phototype score"	"skin pigmentation"	-	GCST90255688	5:33952363	36672889	"Farré X"
rs111433258-G	1E-30	-	0.272219	-	"3.83718 unit increase"	[3.19-4.49]	HERC2	"Skin phototype score"	"skin pigmentation"	-	GCST90255688	15:28174015	36672889	"Farré X"
rs111458470-A	8E-42	-	0.418721	-	"3.83211 unit increase"	[3.28-4.38]	HERC2	"Skin phototype score"	"skin pigmentation"	-	GCST90255688	15:28289408	36672889	"Farré X"
rs1126809-A	2E-10	-	0.25309	-	"1.96386 unit decrease"	[1.36-2.56]	TYR	"Skin phototype score"	"skin pigmentation"	-	GCST90255688	11:89284793	36672889	"Farré X"
rs11324616-GA	2E-30	-	0.182086	-	"3.95892 unit increase"	[3.29-4.63]	HERC2	"Skin phototype score"	"skin pigmentation"	-	GCST90255688	15:28314864	36672889	"Farré X"
rs11365574-CT	1E-14	-	0.0660536	-	"4.46927 unit increase"	[3.34-5.6]	HERC2	"Skin phototype score"	"skin pigmentation"	-	GCST90255688	15:28116223	36672889	"Farré X"
rs11396433-T	2E-12	-	0.0887677	-	"3.33236 unit increase"	[2.41-4.26]	HERC2	"Skin phototype score"	"skin pigmentation"	-	GCST90255688	15:28316060	36672889	"Farré X"
rs11442532-CT	8E-11	-	0.0927425	-	"3.00179 unit increase"	[2.1-3.9]	ADAMTS12	"Skin phototype score"	"skin pigmentation"	-	GCST90255688	5:33881565	36672889	"Farré X"
rs114803348-A	1E-12	-	0.221422	-	"2.47665 unit decrease"	[1.79-3.16]	ADAMTS12	"Skin phototype score"	"skin pigmentation"	-	GCST90255688	5:33859299	36672889	"Farré X"
rs116074720-A	1E-22	-	0.446331	-	"2.62864 unit decrease"	[2.11-3.15]	ADAMTS12	"Skin phototype score"	"skin pigmentation"	-	GCST90255688	5:33844457	36672889	"Farré X"
rs11636232-T	1E-59	-	0.169388	-	"5.83834 unit decrease"	[5.15-6.53]	HERC2	"Skin phototype score"	"skin pigmentation"	-	GCST90255688	15:28141480	36672889	"Farré X"
rs11649196-A	3E-9	-	0.136173	-	"0.124522 unit decrease"	[0.083-0.166]	FANCA,ZNF276	"Skin color (Fitzpatrick scale)"	"skin pigmentation"	-	GCST90255689	16:89735544	36672889	"Farré X"
rs117201485-A	4E-11	-	0.0640375	-	"0.211577 unit increase"	[0.15-0.27]	HERC2	"Skin color (Fitzpatrick scale)"	"skin pigmentation"	-	GCST90255689	15:28268158	36672889	"Farré X"
rs117325217-T	3E-14	-	0.0925497	-	"0.202343 unit increase"	[0.15-0.25]	HERC2	"Skin color (Fitzpatrick scale)"	"skin pigmentation"	-	GCST90255689	15:28289631	36672889	"Farré X"
rs11742467-G	1E-25	-	0.195144	-	"0.180365 unit increase"	[0.15-0.21]	RXFP3,ADAMTS12	"Skin color (Fitzpatrick scale)"	"skin pigmentation"	-	GCST90255689	5:33899585	36672889	"Farré X"
rs1184030188-C	7E-23	-	0.0396982	-	"0.382741 unit increase"	[0.31-0.46]	SLC45A2	"Skin color (Fitzpatrick scale)"	"skin pigmentation"	-	GCST90255689	5:33966428	36672889	"Farré X"
rs12913832-G	6E-126	-	0.358605	-	"0.330585 unit decrease"	[0.3-0.36]	HERC2	"Skin color (Fitzpatrick scale)"	"skin pigmentation"	-	GCST90255689	15:28120472	36672889	"Farré X"
rs13177787-T	4E-34	-	0.12878	-	"0.248205 unit increase"	[0.21-0.29]	RXFP3,ADAMTS12	"Skin color (Fitzpatrick scale)"	"skin pigmentation"	-	GCST90255689	5:33926949	36672889	"Farré X"
rs142046335-G	4E-11	-	0.0547849	-	"0.225303 unit decrease"	[0.16-0.29]	HERC2	"Skin color (Fitzpatrick scale)"	"skin pigmentation"	-	GCST90255689	15:28175206	36672889	"Farré X"
rs1423300-A	5E-8	-	0.333914	-	"0.0842742 unit increase"	[0.054-0.114]	ADAMTS12	"Skin color (Fitzpatrick scale)"	"skin pigmentation"	-	GCST90255689	5:33832328	36672889	"Farré X"
rs1491276502-A	1E-23	-	0.0631342	-	"0.331278 unit increase"	[0.27-0.4]	SLC45A2,RXFP3	"Skin color (Fitzpatrick scale)"	"skin pigmentation"	-	GCST90255689	5:33944490	36672889	"Farré X"
rs150231163-C	8E-11	-	0.0424438	-	"0.233463 unit increase"	[0.16-0.3]	HERC2	"Skin color (Fitzpatrick scale)"	"skin pigmentation"	-	GCST90255689	15:28239853	36672889	"Farré X"
rs150763518-G	3E-9	-	0.194178	-	"0.105502 unit increase"	[0.071-0.14]	HERC2,OCA2	"Skin color (Fitzpatrick scale)"	"skin pigmentation"	-	GCST90255689	15:28106230	36672889	"Farré X"
rs16891958-T	3E-11	-	0.0238657	-	"0.33716 unit increase"	[0.24-0.44]	RXFP3,ADAMTS12	"Skin color (Fitzpatrick scale)"	"skin pigmentation"	-	GCST90255689	5:33933857	36672889	"Farré X"
rs16891982-C	1E-111	-	0.149914	-	"0.425318 unit increase"	[0.39-0.46]	SLC45A2	"Skin color (Fitzpatrick scale)"	"skin pigmentation"	-	GCST90255689	5:33951588	36672889	"Farré X"
rs17652091-A	3E-8	-	0.209609	-	"0.093407 unit decrease"	[0.061-0.126]	OCA2	"Skin color (Fitzpatrick scale)"	"skin pigmentation"	-	GCST90255689	15:28026565	36672889	"Farré X"
rs1805005-T	3E-11	-	0.142408	-	"0.130302 unit decrease"	[0.092-0.169]	MC1R	"Skin color (Fitzpatrick scale)"	"skin pigmentation"	-	GCST90255689	16:89919436	36672889	"Farré X"
rs1805007-T	6E-14	-	0.0237178	-	"0.336442 unit decrease"	[0.25-0.42]	MC1R	"Skin color (Fitzpatrick scale)"	"skin pigmentation"	-	GCST90255689	16:89919709	36672889	"Farré X"
rs1805009-C	6E-12	-	0.0199676	-	"0.336856 unit decrease"	[0.24-0.43]	MC1R	"Skin color (Fitzpatrick scale)"	"skin pigmentation"	-	GCST90255689	16:89920138	36672889	"Farré X"
rs200118663-T	2E-14	-	0.0243108	-	"0.393051 unit increase"	[0.29-0.49]	ADAMTS12,RXFP3	"Skin color (Fitzpatrick scale)"	"skin pigmentation"	-	GCST90255689	5:33935021	36672889	"Farré X"
rs200426972-T	5E-11	-	0.118718	-	"0.148383 unit increase"	[0.1-0.19]	OCA2	"Skin color (Fitzpatrick scale)"	"skin pigmentation"	-	GCST90255689	15:28041322	36672889	"Farré X"
rs202126943-T	4E-8	-	0.19395	-	"0.100547 unit increase"	[0.065-0.136]	OCA2	"Skin color (Fitzpatrick scale)"	"skin pigmentation"	-	GCST90255689	15:28041322	36672889	"Farré X"
rs2067350-CA	1E-12	-	0.143951	-	"0.161005 unit increase"	[0.12-0.21]	SLC45A2	"Skin color (Fitzpatrick scale)"	"skin pigmentation"	-	GCST90255689	5:33968648	36672889	"Farré X"
rs2187128-T	3E-8	-	0.124873	-	"0.115078 unit increase"	[0.074-0.156]	GRM5,TYR	"Skin color (Fitzpatrick scale)"	"skin pigmentation"	-	GCST90255689	11:89146747	36672889	"Farré X"
rs2278007-G	1E-17	-	0.0247314	-	"0.379304 unit increase"	[0.29-0.47]	SLC45A2	"Skin color (Fitzpatrick scale)"	"skin pigmentation"	-	GCST90255689	5:33951446	36672889	"Farré X"
rs2331343-G	5E-30	-	0.0694719	-	"0.310653 unit increase"	[0.26-0.36]	ADAMTS12,RXFP3	"Skin color (Fitzpatrick scale)"	"skin pigmentation"	-	GCST90255689	5:33921589	36672889	"Farré X"
rs11649196-A	2E-10	-	0.136173	-	"2.57658 unit decrease"	[1.78-3.37]	FANCA,ZNF276	"Skin phototype score"	"skin pigmentation"	-	GCST90255688	16:89735544	36672889	"Farré X"
rs117219845-T	1E-9	-	0.0693914	-	"3.48051 unit increase"	[2.36-4.6]	HERC2	"Skin phototype score"	"skin pigmentation"	-	GCST90255688	15:28137613	36672889	"Farré X"
rs117325217-T	4E-14	-	0.0925497	-	"3.90938 unit increase"	[2.9-4.92]	HERC2	"Skin phototype score"	"skin pigmentation"	-	GCST90255688	15:28289631	36672889	"Farré X"
rs11742467-G	2E-32	-	0.195144	-	"3.94772 unit increase"	[3.3-4.6]	RXFP3,ADAMTS12	"Skin phototype score"	"skin pigmentation"	-	GCST90255688	5:33899585	36672889	"Farré X"
rs1184030188-C	5E-30	-	0.0396982	-	"8.54476 unit increase"	[7.08-10]	SLC45A2	"Skin phototype score"	"skin pigmentation"	-	GCST90255688	5:33966428	36672889	"Farré X"
rs1214023646-AG	3E-8	-	0.0216425	-	"5.83937 unit increase"	[3.77-7.9]	RXFP3,SLC45A2	"Skin phototype score"	"skin pigmentation"	-	GCST90255688	5:33944490	36672889	"Farré X"
rs12913832-G	5E-147	-	0.358605	-	"6.87674 unit decrease"	[6.37-7.38]	HERC2	"Skin phototype score"	"skin pigmentation"	-	GCST90255688	15:28120472	36672889	"Farré X"
rs12921177-A	3E-8	-	0.0313794	-	"4.24969 unit decrease"	[2.76-5.74]	CHMP1A	"Skin phototype score"	"skin pigmentation"	-	GCST90255688	16:89641629	36672889	"Farré X"
rs13177787-T	7E-43	-	0.12878	-	"5.39362 unit increase"	[4.63-6.16]	RXFP3,ADAMTS12	"Skin phototype score"	"skin pigmentation"	-	GCST90255688	5:33926949	36672889	"Farré X"
rs142046335-G	1E-11	-	0.0547849	-	"4.45655 unit decrease"	[3.17-5.74]	HERC2	"Skin phototype score"	"skin pigmentation"	-	GCST90255688	15:28175206	36672889	"Farré X"
rs1423300-A	8E-15	-	0.333914	-	"2.31585 unit increase"	[1.73-2.9]	ADAMTS12	"Skin phototype score"	"skin pigmentation"	-	GCST90255688	5:33832328	36672889	"Farré X"
rs1448484-G	2E-8	-	0.0188526	-	"5.35701 unit increase"	[3.49-7.22]	OCA2	"Skin phototype score"	"skin pigmentation"	-	GCST90255688	15:28038295	36672889	"Farré X"
rs145326083-A	7E-9	-	0.0163298	-	"7.09874 unit increase"	[4.7-9.49]	ADAMTS12	"Skin phototype score"	"skin pigmentation"	-	GCST90255688	5:33839928	36672889	"Farré X"
rs147936809-A	1E-11	-	0.0620936	-	"4.24672 unit increase"	[3.02-5.47]	HERC2	"Skin phototype score"	"skin pigmentation"	-	GCST90255688	15:28241588	36672889	"Farré X"
rs1491276502-A	4E-28	-	0.0631342	-	"7.01545 unit increase"	[5.77-8.26]	SLC45A2,RXFP3	"Skin phototype score"	"skin pigmentation"	-	GCST90255688	5:33944490	36672889	"Farré X"
rs149359-C	4E-9	-	0.436752	-	"1.59256 unit increase"	[1.06-2.12]	C1QTNF3-AMACR,C1QTNF3	"Skin phototype score"	"skin pigmentation"	-	GCST90255688	5:34035135	36672889	"Farré X"
rs150231163-C	8E-12	-	0.0424438	-	"4.73657 unit increase"	[3.38-6.09]	HERC2	"Skin phototype score"	"skin pigmentation"	-	GCST90255688	15:28239853	36672889	"Farré X"
rs150763518-G	9E-11	-	0.194178	-	"2.2242 unit increase"	[1.55-2.9]	HERC2,OCA2	"Skin phototype score"	"skin pigmentation"	-	GCST90255688	15:28106230	36672889	"Farré X"
rs16891958-T	5E-11	-	0.0238657	-	"6.43511 unit increase"	[4.52-8.35]	RXFP3,ADAMTS12	"Skin phototype score"	"skin pigmentation"	-	GCST90255688	5:33933857	36672889	"Farré X"
rs16891982-C	3E-150	-	0.149914	-	"9.47074 unit increase"	[8.78-10.16]	SLC45A2	"Skin phototype score"	"skin pigmentation"	-	GCST90255688	5:33951588	36672889	"Farré X"
rs1800407-T	1E-8	-	0.10227	-	"2.48667 unit decrease"	[1.63-3.34]	OCA2	"Skin phototype score"	"skin pigmentation"	-	GCST90255688	15:27985172	36672889	"Farré X"
rs1805005-T	1E-11	-	0.142408	-	"2.57479 unit decrease"	[1.83-3.32]	MC1R	"Skin phototype score"	"skin pigmentation"	-	GCST90255688	16:89919436	36672889	"Farré X"
rs1805007-T	4E-16	-	0.0237178	-	"7.03978 unit decrease"	[5.35-8.73]	MC1R	"Skin phototype score"	"skin pigmentation"	-	GCST90255688	16:89919709	36672889	"Farré X"
rs1805009-C	6E-12	-	0.0199676	-	"6.52065 unit decrease"	[4.67-8.37]	MC1R	"Skin phototype score"	"skin pigmentation"	-	GCST90255688	16:89920138	36672889	"Farré X"
rs200118663-T	7E-15	-	0.0243108	-	"7.75219 unit increase"	[5.81-9.7]	ADAMTS12,RXFP3	"Skin phototype score"	"skin pigmentation"	-	GCST90255688	5:33935021	36672889	"Farré X"
rs11442532-CT	2E-12	-	0.092285	-	"0.193589 unit decrease"	[0.14-0.25]	ADAMTS12	"Skin color"	"skin pigmentation"	-	GCST90255690	5:33881565	36672889	"Farré X"
rs114803348-A	7E-10	-	0.221159	-	"0.129014 unit increase"	[0.088-0.17]	ADAMTS12	"Skin color"	"skin pigmentation"	-	GCST90255690	5:33859299	36672889	"Farré X"
rs11636232-T	2E-10	-	0.168932	-	"0.138133 unit increase"	[0.096-0.18]	HERC2	"Skin color"	"skin pigmentation"	-	GCST90255690	15:28141480	36672889	"Farré X"
rs11649196-A	5E-8	-	0.136546	-	"0.132739 unit increase"	[0.085-0.18]	FANCA,ZNF276	"Skin color"	"skin pigmentation"	-	GCST90255690	16:89735544	36672889	"Farré X"
rs11742467-G	2E-26	-	0.194819	-	"0.211743 unit decrease"	[0.17-0.25]	RXFP3,ADAMTS12	"Skin color"	"skin pigmentation"	-	GCST90255690	5:33899585	36672889	"Farré X"
rs1184030188-C	3E-27	-	0.0396199	-	"0.486075 unit decrease"	[0.4-0.57]	SLC45A2	"Skin color"	"skin pigmentation"	-	GCST90255690	5:33966428	36672889	"Farré X"
rs1214023646-AG	6E-10	-	0.0214985	-	"0.390772 unit decrease"	[0.27-0.51]	RXFP3,SLC45A2	"Skin color"	"skin pigmentation"	-	GCST90255690	5:33944490	36672889	"Farré X"
rs12203592-T	4E-14	-	0.140421	-	"0.173248 unit increase"	[0.13-0.22]	IRF4	"Skin color"	"skin pigmentation"	-	GCST90255690	6:396321	36672889	"Farré X"
rs12913832-G	2E-27	-	0.358375	-	"0.177703 unit increase"	[0.15-0.21]	HERC2	"Skin color"	"skin pigmentation"	-	GCST90255690	15:28120472	36672889	"Farré X"
rs13177787-T	2E-37	-	0.12864	-	"0.299966 unit decrease"	[0.25-0.35]	RXFP3,ADAMTS12	"Skin color"	"skin pigmentation"	-	GCST90255690	5:33926949	36672889	"Farré X"
rs1335589229-C	1E-9	-	0.0186724	-	"0.374487 unit decrease"	[0.25-0.49]	ADAMTS12	"Skin color"	"skin pigmentation"	-	GCST90255690	5:33835944	36672889	"Farré X"
rs1423300-A	3E-16	-	0.333528	-	"0.145644 unit decrease"	[0.11-0.18]	ADAMTS12	"Skin color"	"skin pigmentation"	-	GCST90255690	5:33832328	36672889	"Farré X"
rs145326083-A	7E-9	-	0.0164304	-	"0.422658 unit decrease"	[0.28-0.57]	ADAMTS12	"Skin color"	"skin pigmentation"	-	GCST90255690	5:33839928	36672889	"Farré X"
rs1491276502-A	2E-24	-	0.0632724	-	"0.388928 unit decrease"	[0.31-0.46]	SLC45A2,RXFP3	"Skin color"	"skin pigmentation"	-	GCST90255690	5:33944490	36672889	"Farré X"
rs149359-C	4E-10	-	0.437111	-	"0.100936 unit decrease"	[0.069-0.133]	C1QTNF3-AMACR,C1QTNF3	"Skin color"	"skin pigmentation"	-	GCST90255690	5:34035135	36672889	"Farré X"
rs16891958-T	1E-8	-	0.0239272	-	"0.334604 unit decrease"	[0.22-0.45]	RXFP3,ADAMTS12	"Skin color"	"skin pigmentation"	-	GCST90255690	5:33933857	36672889	"Farré X"
rs16891982-C	1E-140	-	0.150001	-	"0.548456 unit decrease"	[0.51-0.59]	SLC45A2	"Skin color"	"skin pigmentation"	-	GCST90255690	5:33951588	36672889	"Farré X"
rs1800407-T	3E-11	-	0.102808	-	"0.172049 unit increase"	[0.12-0.22]	OCA2	"Skin color"	"skin pigmentation"	-	GCST90255690	15:27985172	36672889	"Farré X"
rs1805005-T	3E-8	-	0.142728	-	"0.125196 unit increase"	[0.081-0.17]	MC1R	"Skin color"	"skin pigmentation"	-	GCST90255690	16:89919436	36672889	"Farré X"
rs1805009-C	7E-10	-	0.0199599	-	"0.349487 unit increase"	[0.24-0.46]	MC1R	"Skin color"	"skin pigmentation"	-	GCST90255690	16:89920138	36672889	"Farré X"
rs200118663-T	2E-11	-	0.0243322	-	"0.399014 unit decrease"	[0.28-0.52]	ADAMTS12,RXFP3	"Skin color"	"skin pigmentation"	-	GCST90255690	5:33935021	36672889	"Farré X"
rs201918952-C	2E-11	-	0.063701	-	"0.243154 unit decrease"	[0.17-0.31]	ADAMTS12	"Skin color"	"skin pigmentation"	-	GCST90255690	5:33849592	36672889	"Farré X"
rs2067350-CA	8E-18	-	0.144076	-	"0.225134 unit decrease"	[0.17-0.28]	SLC45A2	"Skin color"	"skin pigmentation"	-	GCST90255690	5:33968648	36672889	"Farré X"
rs2187128-T	2E-9	-	0.125176	-	"0.142788 unit decrease"	[0.096-0.19]	GRM5,TYR	"Skin color"	"skin pigmentation"	-	GCST90255690	11:89146747	36672889	"Farré X"
rs2278007-G	1E-33	-	0.0245737	-	"0.618097 unit decrease"	[0.52-0.72]	SLC45A2	"Skin color"	"skin pigmentation"	-	GCST90255690	5:33951446	36672889	"Farré X"
rs200426972-T	4E-12	-	0.118718	-	"3.01984 unit increase"	[2.17-3.87]	OCA2	"Skin phototype score"	"skin pigmentation"	-	GCST90255688	15:28041322	36672889	"Farré X"
rs202126943-T	1E-9	-	0.19395	-	"2.16686 unit increase"	[1.47-2.86]	OCA2	"Skin phototype score"	"skin pigmentation"	-	GCST90255688	15:28041322	36672889	"Farré X"
rs2067350-CA	3E-16	-	0.143951	-	"3.59168 unit increase"	[2.73-4.45]	SLC45A2	"Skin phototype score"	"skin pigmentation"	-	GCST90255688	5:33968648	36672889	"Farré X"
rs2187128-T	2E-9	-	0.124873	-	"2.41764 unit increase"	[1.63-3.2]	GRM5,TYR	"Skin phototype score"	"skin pigmentation"	-	GCST90255688	11:89146747	36672889	"Farré X"
rs2278007-G	2E-25	-	0.0247314	-	"8.90703 unit increase"	[7.24-10.57]	SLC45A2	"Skin phototype score"	"skin pigmentation"	-	GCST90255688	5:33951446	36672889	"Farré X"
rs2331343-G	4E-31	-	0.0694719	-	"6.11714 unit increase"	[5.09-7.14]	ADAMTS12,RXFP3	"Skin phototype score"	"skin pigmentation"	-	GCST90255688	5:33921589	36672889	"Farré X"
rs2525919-T	4E-37	-	0.226878	-	"4.18895 unit increase"	[3.55-4.83]	HERC2	"Skin phototype score"	"skin pigmentation"	-	GCST90255688	15:28210654	36672889	"Farré X"
rs2591719-A	1E-23	-	0.0809608	-	"4.92495 unit increase"	[3.97-5.88]	ADAMTS12	"Skin phototype score"	"skin pigmentation"	-	GCST90255688	5:33835538	36672889	"Farré X"
rs2591736-A	5E-14	-	0.0320996	-	"5.97574 unit increase"	[4.43-7.52]	ADAMTS12	"Skin phototype score"	"skin pigmentation"	-	GCST90255688	5:33848028	36672889	"Farré X"
rs2762461-G	1E-8	-	0.477808	-	"1.52387 unit increase"	[1-2.05]	LURAP1L-AS1,TYRP1	"Skin phototype score"	"skin pigmentation"	-	GCST90255688	9:12696499	36672889	"Farré X"
rs28431356-C	9E-12	-	0.112192	-	"3.19057 unit decrease"	[2.28-4.1]	ANKRD11	"Skin phototype score"	"skin pigmentation"	-	GCST90255688	16:89400032	36672889	"Farré X"
chr15:28287618-CAA	7E-13	-	0.147441	-	"0.146189 unit increase"	[0.11-0.19]	-	"Skin color (Fitzpatrick scale)"	"skin pigmentation"	-	GCST90255689	-	36672889	"Farré X"
chr15:28302952-G	6E-23	-	0.223959	-	"0.163339 unit increase"	[0.13-0.2]	-	"Skin color (Fitzpatrick scale)"	"skin pigmentation"	-	GCST90255689	-	36672889	"Farré X"
chr15:28524761-CCACACACA	3E-17	-	0.0896518	-	"0.216475 unit increase"	[0.17-0.27]	-	"Skin color (Fitzpatrick scale)"	"skin pigmentation"	-	GCST90255689	-	36672889	"Farré X"
chr5:33933736-T	4E-10	-	0.0823761	-	"0.15694 unit increase"	[0.11-0.21]	-	"Skin color (Fitzpatrick scale)"	"skin pigmentation"	-	GCST90255689	-	36672889	"Farré X"
rs10080040-T	3E-29	-	0.0339619	-	"0.420733 unit increase"	[0.35-0.49]	SLC45A2	"Skin color (Fitzpatrick scale)"	"skin pigmentation"	-	GCST90255689	5:33950346	36672889	"Farré X"
rs10461708-A	1E-9	-	0.447265	-	"0.0850772 unit increase"	[0.058-0.112]	RXFP3,SLC45A2	"Skin color (Fitzpatrick scale)"	"skin pigmentation"	-	GCST90255689	5:33940314	36672889	"Farré X"
rs111433258-G	2E-22	-	0.272219	-	"0.168527 unit increase"	[0.13-0.2]	HERC2	"Skin color (Fitzpatrick scale)"	"skin pigmentation"	-	GCST90255689	15:28174015	36672889	"Farré X"
rs111458470-A	3E-33	-	0.418721	-	"0.176194 unit increase"	[0.15-0.2]	HERC2	"Skin color (Fitzpatrick scale)"	"skin pigmentation"	-	GCST90255689	15:28289408	36672889	"Farré X"
rs1126809-A	2E-9	-	0.25309	-	"0.094712 unit decrease"	[0.064-0.126]	TYR	"Skin color (Fitzpatrick scale)"	"skin pigmentation"	-	GCST90255689	11:89284793	36672889	"Farré X"
rs11324616-GA	1E-23	-	0.182086	-	"0.179677 unit increase"	[0.14-0.21]	HERC2	"Skin color (Fitzpatrick scale)"	"skin pigmentation"	-	GCST90255689	15:28314864	36672889	"Farré X"
rs11365574-CT	3E-13	-	0.0660536	-	"0.219006 unit increase"	[0.16-0.28]	HERC2	"Skin color (Fitzpatrick scale)"	"skin pigmentation"	-	GCST90255689	15:28116223	36672889	"Farré X"
rs11396433-T	3E-11	-	0.0887677	-	"0.162217 unit increase"	[0.11-0.21]	HERC2	"Skin color (Fitzpatrick scale)"	"skin pigmentation"	-	GCST90255689	15:28316060	36672889	"Farré X"
rs116074720-A	7E-15	-	0.446331	-	"0.108282 unit decrease"	[0.081-0.135]	ADAMTS12	"Skin color (Fitzpatrick scale)"	"skin pigmentation"	-	GCST90255689	5:33844457	36672889	"Farré X"
rs11636232-T	5E-49	-	0.169388	-	"0.273499 unit decrease"	[0.24-0.31]	HERC2	"Skin color (Fitzpatrick scale)"	"skin pigmentation"	-	GCST90255689	15:28141480	36672889	"Farré X"
rs4778241-A	2E-26	-	0.353085	-	"0.156072 unit increase"	[0.13-0.18]	OCA2	"Skin color (Fitzpatrick scale)"	"skin pigmentation"	-	GCST90255689	15:28093567	36672889	"Farré X"
rs55950592-T	4E-9	-	0.106787	-	"0.138443 unit decrease"	[0.092-0.185]	DPEP1	"Skin color (Fitzpatrick scale)"	"skin pigmentation"	-	GCST90255689	16:89632352	36672889	"Farré X"
rs560973795-T	2E-11	-	0.0129061	-	"0.453429 unit increase"	[0.32-0.59]	SLC45A2	"Skin color (Fitzpatrick scale)"	"skin pigmentation"	-	GCST90255689	5:33954283	36672889	"Farré X"
rs58843292-A	7E-18	-	0.171945	-	"0.157108 unit increase"	[0.12-0.19]	OCA2,HERC2	"Skin color (Fitzpatrick scale)"	"skin pigmentation"	-	GCST90255689	15:28100785	36672889	"Farré X"
rs62007489-T	2E-14	-	0.154267	-	"0.145746 unit decrease"	[0.11-0.18]	OCA2	"Skin color (Fitzpatrick scale)"	"skin pigmentation"	-	GCST90255689	15:28075818	36672889	"Farré X"
rs6451047-T	9E-18	-	0.015203	-	"0.530406 unit increase"	[0.41-0.65]	SLC45A2	"Skin color (Fitzpatrick scale)"	"skin pigmentation"	-	GCST90255689	5:33956911	36672889	"Farré X"
rs6451050-T	1E-9	-	0.0104129	-	"0.480853 unit increase"	[0.33-0.64]	SLC45A2	"Skin color (Fitzpatrick scale)"	"skin pigmentation"	-	GCST90255689	5:33968217	36672889	"Farré X"
rs6497263-A	7E-17	-	0.122954	-	"0.173372 unit increase"	[0.13-0.21]	OCA2	"Skin color (Fitzpatrick scale)"	"skin pigmentation"	-	GCST90255689	15:28075515	36672889	"Farré X"
rs7174027-A	5E-21	-	0.213156	-	"0.157099 unit increase"	[0.12-0.19]	OCA2	"Skin color (Fitzpatrick scale)"	"skin pigmentation"	-	GCST90255689	15:28083619	36672889	"Farré X"
rs7198386-C	2E-8	-	0.43177	-	"0.0791122 unit increase"	[0.051-0.107]	SPIRE2	"Skin color (Fitzpatrick scale)"	"skin pigmentation"	-	GCST90255689	16:89831488	36672889	"Farré X"
rs72714109-C	1E-16	-	0.2216	-	"0.138012 unit increase"	[0.11-0.17]	OCA2	"Skin color (Fitzpatrick scale)"	"skin pigmentation"	-	GCST90255689	15:28079662	36672889	"Farré X"
rs73077127-C	2E-9	-	0.0192128	-	"0.324447 unit increase"	[0.22-0.43]	SLC45A2	"Skin color (Fitzpatrick scale)"	"skin pigmentation"	-	GCST90255689	5:33960343	36672889	"Farré X"
rs7403279-T	3E-44	-	0.400939	-	"0.196234 unit increase"	[0.17-0.22]	HERC2	"Skin color (Fitzpatrick scale)"	"skin pigmentation"	-	GCST90255689	15:28138419	36672889	"Farré X"
rs755407864-CA	3E-13	-	0.0834051	-	"0.212568 unit decrease"	[0.16-0.27]	OCA2	"Skin color (Fitzpatrick scale)"	"skin pigmentation"	-	GCST90255689	15:28032793	36672889	"Farré X"
rs7702361-A	2E-8	-	0.409183	-	"0.0776871 unit decrease"	[0.051-0.105]	ADAMTS12,RXFP3	"Skin color (Fitzpatrick scale)"	"skin pigmentation"	-	GCST90255689	5:33935838	36672889	"Farré X"
rs7713279-G	3E-33	-	0.227729	-	"0.196303 unit increase"	[0.16-0.23]	RXFP3,ADAMTS12	"Skin color (Fitzpatrick scale)"	"skin pigmentation"	-	GCST90255689	5:33928797	36672889	"Farré X"
rs869190367-C	2E-13	-	0.0961545	-	"0.188275 unit increase"	[0.14-0.24]	HERC2	"Skin color (Fitzpatrick scale)"	"skin pigmentation"	-	GCST90255689	15:28259970	36672889	"Farré X"
rs895829-C	1E-27	-	0.347204	-	"0.155381 unit increase"	[0.13-0.18]	OCA2	"Skin color (Fitzpatrick scale)"	"skin pigmentation"	-	GCST90255689	15:28052911	36672889	"Farré X"
chr15:28302952-G	1E-9	-	0.223497	-	"0.117063 unit decrease"	[0.08-0.155]	-	"Skin color"	"skin pigmentation"	-	GCST90255690	-	36672889	"Farré X"
chr5:33933736-T	2E-20	-	0.0820174	-	"0.267407 unit decrease"	[0.21-0.32]	-	"Skin color"	"skin pigmentation"	-	GCST90255690	-	36672889	"Farré X"
rs10054129-G	4E-15	-	0.0939923	-	"0.21173 unit decrease"	[0.16-0.26]	RXFP3,ADAMTS12	"Skin color"	"skin pigmentation"	-	GCST90255690	5:33933670	36672889	"Farré X"
rs1042602-A	4E-8	-	0.452558	-	"0.0859569 unit increase"	[0.055-0.117]	TYR	"Skin color"	"skin pigmentation"	-	GCST90255690	11:89178528	36672889	"Farré X"
rs10565330-CAT	8E-19	-	0.0220102	-	"0.554733 unit decrease"	[0.43-0.68]	SLC45A2	"Skin color"	"skin pigmentation"	-	GCST90255690	5:33960279	36672889	"Farré X"
rs111372186-A	9E-10	-	0.0250638	-	"0.366323 unit decrease"	[0.25-0.48]	SLC45A2	"Skin color"	"skin pigmentation"	-	GCST90255690	5:33952363	36672889	"Farré X"
rs113044747-GTGGGTGAGAA	3E-11	-	0.328048	-	"0.115727 unit decrease"	[0.082-0.15]	-	"Skin color"	"skin pigmentation"	-	GCST90255690	-	36672889	"Farré X"
rs2525919-T	4E-30	-	0.226878	-	"0.194587 unit increase"	[0.16-0.23]	HERC2	"Skin color (Fitzpatrick scale)"	"skin pigmentation"	-	GCST90255689	15:28210654	36672889	"Farré X"
rs2591719-A	4E-15	-	0.0809608	-	"0.200514 unit increase"	[0.15-0.25]	ADAMTS12	"Skin color (Fitzpatrick scale)"	"skin pigmentation"	-	GCST90255689	5:33835538	36672889	"Farré X"
rs2591736-A	4E-10	-	0.0320996	-	"0.257522 unit increase"	[0.18-0.34]	ADAMTS12	"Skin color (Fitzpatrick scale)"	"skin pigmentation"	-	GCST90255689	5:33848028	36672889	"Farré X"
rs2762461-G	2E-8	-	0.477808	-	"0.0779593 unit increase"	[0.051-0.105]	LURAP1L-AS1,TYRP1	"Skin color (Fitzpatrick scale)"	"skin pigmentation"	-	GCST90255689	9:12696499	36672889	"Farré X"
rs28117-G	2E-66	-	0.108555	-	"0.372114 unit increase"	[0.33-0.41]	SLC45A2	"Skin color (Fitzpatrick scale)"	"skin pigmentation"	-	GCST90255689	5:33962665	36672889	"Farré X"
rs28431356-C	1E-10	-	0.112192	-	"0.156009 unit decrease"	[0.11-0.2]	ANKRD11	"Skin color (Fitzpatrick scale)"	"skin pigmentation"	-	GCST90255689	16:89400032	36672889	"Farré X"
rs28784029-T	1E-39	-	0.152997	-	"0.271497 unit decrease"	[0.23-0.31]	HERC2	"Skin color (Fitzpatrick scale)"	"skin pigmentation"	-	GCST90255689	15:28156194	36672889	"Farré X"
rs34022588-T	6E-20	-	0.192759	-	"0.156886 unit increase"	[0.12-0.19]	OCA2	"Skin color (Fitzpatrick scale)"	"skin pigmentation"	-	GCST90255689	15:28041261	36672889	"Farré X"
rs34280294-T	4E-9	-	0.050602	-	"0.18455 unit increase"	[0.12-0.25]	RXFP3,ADAMTS12	"Skin color (Fitzpatrick scale)"	"skin pigmentation"	-	GCST90255689	5:33932510	36672889	"Farré X"
rs34369918-C	6E-18	-	0.22658	-	"0.151439 unit increase"	[0.12-0.19]	OCA2	"Skin color (Fitzpatrick scale)"	"skin pigmentation"	-	GCST90255689	15:28032793	36672889	"Farré X"
rs34823980-C	4E-14	-	0.0941118	-	"0.19696 unit increase"	[0.15-0.25]	HERC2	"Skin color (Fitzpatrick scale)"	"skin pigmentation"	-	GCST90255689	15:28264021	36672889	"Farré X"
rs35404-G	1E-11	-	0.0173051	-	"0.411246 unit increase"	[0.29-0.53]	SLC45A2,RXFP3	"Skin color (Fitzpatrick scale)"	"skin pigmentation"	-	GCST90255689	5:33944407	36672889	"Farré X"
rs35406-G	8E-45	-	0.0682626	-	"0.383625 unit increase"	[0.33-0.44]	SLC45A2	"Skin color (Fitzpatrick scale)"	"skin pigmentation"	-	GCST90255689	5:33946038	36672889	"Farré X"
rs35414-T	3E-14	-	0.411428	-	"0.111691 unit increase"	[0.083-0.14]	SLC45A2	"Skin color (Fitzpatrick scale)"	"skin pigmentation"	-	GCST90255689	5:33969523	36672889	"Farré X"
rs35795965-G	9E-10	-	0.0873482	-	"0.151545 unit increase"	[0.1-0.2]	OCA2	"Skin color (Fitzpatrick scale)"	"skin pigmentation"	-	GCST90255689	15:28091804	36672889	"Farré X"
rs35960920-C	4E-13	-	0.147707	-	"0.140031 unit increase"	[0.1-0.18]	SLC45A2	"Skin color (Fitzpatrick scale)"	"skin pigmentation"	-	GCST90255689	5:33980160	36672889	"Farré X"
rs369896246-A	3E-8	-	0.152477	-	"0.114316 unit increase"	[0.074-0.155]	TYR,NOX4	"Skin color (Fitzpatrick scale)"	"skin pigmentation"	-	GCST90255689	11:89322393	36672889	"Farré X"
rs370724688-C	2E-10	-	0.443331	-	"0.0992514 unit decrease"	[0.069-0.13]	ADAMTS12	"Skin color (Fitzpatrick scale)"	"skin pigmentation"	-	GCST90255689	5:33835954	36672889	"Farré X"
rs373425948-T	2E-15	-	0.102456	-	"0.195959 unit increase"	[0.15-0.24]	HERC2	"Skin color (Fitzpatrick scale)"	"skin pigmentation"	-	GCST90255689	15:28298006	36672889	"Farré X"
rs373468882-T	1E-14	-	0.0648461	-	"0.228331 unit increase"	[0.17-0.29]	HERC2	"Skin color (Fitzpatrick scale)"	"skin pigmentation"	-	GCST90255689	15:28321239	36672889	"Farré X"
rs3776546-A	3E-15	-	0.0883338	-	"0.19087 unit increase"	[0.14-0.24]	SLC45A2	"Skin color (Fitzpatrick scale)"	"skin pigmentation"	-	GCST90255689	5:33975982	36672889	"Farré X"
rs397854007-C	7E-13	-	0.0830975	-	"0.204058 unit increase"	[0.15-0.26]	HERC2	"Skin color (Fitzpatrick scale)"	"skin pigmentation"	-	GCST90255689	15:28225697	36672889	"Farré X"
rs4074658-C	3E-11	-	0.491689	-	"0.0909773 unit decrease"	[0.064-0.118]	OCA2	"Skin color (Fitzpatrick scale)"	"skin pigmentation"	-	GCST90255689	15:28082760	36672889	"Farré X"
rs4778137-G	4E-14	-	0.411312	-	"0.105965 unit increase"	[0.079-0.133]	OCA2	"Skin color (Fitzpatrick scale)"	"skin pigmentation"	-	GCST90255689	15:28082689	36672889	"Farré X"
rs4778138-G	2E-33	-	0.292925	-	"0.181591 unit increase"	[0.15-0.21]	OCA2	"Skin color (Fitzpatrick scale)"	"skin pigmentation"	-	GCST90255689	15:28090674	36672889	"Farré X"
rs2331343-G	1E-25	-	0.0696445	-	"0.329482 unit decrease"	[0.27-0.39]	ADAMTS12,RXFP3	"Skin color"	"skin pigmentation"	-	GCST90255690	5:33921589	36672889	"Farré X"
rs2525919-T	6E-9	-	0.227257	-	"0.115095 unit decrease"	[0.076-0.154]	HERC2	"Skin color"	"skin pigmentation"	-	GCST90255690	15:28210654	36672889	"Farré X"
rs2591723-C	2E-25	-	0.0810538	-	"0.307374 unit decrease"	[0.25-0.36]	ADAMTS12	"Skin color"	"skin pigmentation"	-	GCST90255690	5:33832853	36672889	"Farré X"
rs2591736-A	2E-14	-	0.0318872	-	"0.362616 unit decrease"	[0.27-0.46]	ADAMTS12	"Skin color"	"skin pigmentation"	-	GCST90255690	5:33848028	36672889	"Farré X"
rs28784029-T	5E-11	-	0.153201	-	"0.157295 unit increase"	[0.11-0.2]	HERC2	"Skin color"	"skin pigmentation"	-	GCST90255690	15:28156194	36672889	"Farré X"
rs2961906-A	7E-10	-	0.116128	-	"0.174464 unit decrease"	[0.12-0.23]	ADAMTS12	"Skin color"	"skin pigmentation"	-	GCST90255690	5:33858671	36672889	"Farré X"
rs34022588-T	2E-8	-	0.192453	-	"0.111007 unit decrease"	[0.072-0.15]	OCA2	"Skin color"	"skin pigmentation"	-	GCST90255690	15:28041261	36672889	"Farré X"
rs34280294-T	8E-20	-	0.0503867	-	"0.330209 unit decrease"	[0.26-0.4]	RXFP3,ADAMTS12	"Skin color"	"skin pigmentation"	-	GCST90255690	5:33932510	36672889	"Farré X"
rs34369918-C	2E-8	-	0.226393	-	"0.114321 unit decrease"	[0.075-0.154]	OCA2	"Skin color"	"skin pigmentation"	-	GCST90255690	15:28032793	36672889	"Farré X"
rs35400-A	1E-13	-	0.023637	-	"0.400551 unit decrease"	[0.29-0.51]	SLC45A2,RXFP3	"Skin color"	"skin pigmentation"	-	GCST90255690	5:33940648	36672889	"Farré X"
rs35404-G	6E-19	-	0.0172826	-	"0.619321 unit decrease"	[0.48-0.76]	SLC45A2,RXFP3	"Skin color"	"skin pigmentation"	-	GCST90255690	5:33944407	36672889	"Farré X"
rs35406-G	8E-47	-	0.0684006	-	"0.451961 unit decrease"	[0.39-0.51]	SLC45A2	"Skin color"	"skin pigmentation"	-	GCST90255690	5:33946038	36672889	"Farré X"
rs35412-C	3E-75	-	0.103314	-	"0.482885 unit decrease"	[0.43-0.53]	SLC45A2	"Skin color"	"skin pigmentation"	-	GCST90255690	5:33967040	36672889	"Farré X"
rs35414-T	2E-21	-	0.411849	-	"0.16084 unit decrease"	[0.13-0.19]	SLC45A2	"Skin color"	"skin pigmentation"	-	GCST90255690	5:33969523	36672889	"Farré X"
rs35960920-C	3E-12	-	0.147666	-	"0.155688 unit decrease"	[0.11-0.2]	SLC45A2	"Skin color"	"skin pigmentation"	-	GCST90255690	5:33980160	36672889	"Farré X"
rs367554063-G	3E-15	-	0.0506175	-	"0.318374 unit decrease"	[0.24-0.4]	ADAMTS12	"Skin color"	"skin pigmentation"	-	GCST90255690	5:33883328	36672889	"Farré X"
rs369896246-A	3E-10	-	0.152838	-	"0.150602 unit decrease"	[0.1-0.2]	TYR,NOX4	"Skin color"	"skin pigmentation"	-	GCST90255690	11:89322393	36672889	"Farré X"
rs370724688-C	2E-12	-	0.44374	-	"0.126411 unit increase"	[0.091-0.162]	ADAMTS12	"Skin color"	"skin pigmentation"	-	GCST90255690	5:33835954	36672889	"Farré X"
rs3776546-A	8E-12	-	0.0882084	-	"0.191272 unit decrease"	[0.14-0.25]	SLC45A2	"Skin color"	"skin pigmentation"	-	GCST90255690	5:33975982	36672889	"Farré X"
rs4644350-C	1E-9	-	0.436988	-	"0.097384 unit decrease"	[0.066-0.129]	RN7SL720P,BNC2	"Skin color"	"skin pigmentation"	-	GCST90255690	9:16882918	36672889	"Farré X"
rs4778138-G	2E-11	-	0.292277	-	"0.117684 unit decrease"	[0.084-0.152]	OCA2	"Skin color"	"skin pigmentation"	-	GCST90255690	15:28090674	36672889	"Farré X"
rs560973795-T	2E-11	-	0.0128609	-	"0.526191 unit decrease"	[0.37-0.68]	SLC45A2	"Skin color"	"skin pigmentation"	-	GCST90255690	5:33954283	36672889	"Farré X"
rs568405296-A	2E-8	-	0.0139411	-	"0.441469 unit decrease"	[0.29-0.59]	HYDIN	"Skin color"	"skin pigmentation"	-	GCST90255690	16:70858347	36672889	"Farré X"
rs57525174-A	2E-14	-	0.0174524	-	"0.464985 unit decrease"	[0.35-0.58]	RXFP3,SLC45A2	"Skin color"	"skin pigmentation"	-	GCST90255690	5:33940712	36672889	"Farré X"
rs6451050-T	3E-15	-	0.0104185	-	"0.717845 unit decrease"	[0.54-0.9]	SLC45A2	"Skin color"	"skin pigmentation"	-	GCST90255690	5:33968217	36672889	"Farré X"
rs6497263-A	6E-9	-	0.122877	-	"0.139467 unit decrease"	[0.093-0.186]	OCA2	"Skin color"	"skin pigmentation"	-	GCST90255690	15:28075515	36672889	"Farré X"
rs7116973-A	7E-9	-	0.125426	-	"0.144741 unit decrease"	[0.096-0.194]	TYR	"Skin color"	"skin pigmentation"	-	GCST90255690	11:89213898	36672889	"Farré X"
rs73077127-C	2E-12	-	0.0192277	-	"0.437708 unit decrease"	[0.32-0.56]	SLC45A2	"Skin color"	"skin pigmentation"	-	GCST90255690	5:33960343	36672889	"Farré X"
rs7380538-A	5E-35	-	0.0340775	-	"0.532895 unit decrease"	[0.45-0.62]	SLC45A2	"Skin color"	"skin pigmentation"	-	GCST90255690	5:33946450	36672889	"Farré X"
rs7494942-A	3E-10	-	0.400942	-	"0.102764 unit decrease"	[0.071-0.135]	HERC2	"Skin color"	"skin pigmentation"	-	GCST90255690	15:28118913	36672889	"Farré X"
rs7713279-G	5E-45	-	0.227619	-	"0.264751 unit decrease"	[0.23-0.3]	RXFP3,ADAMTS12	"Skin color"	"skin pigmentation"	-	GCST90255690	5:33928797	36672889	"Farré X"
rs7721230-A	4E-10	-	0.442317	-	"0.10119 unit decrease"	[0.07-0.133]	C1QTNF3-AMACR,AMACR	"Skin color"	"skin pigmentation"	-	GCST90255690	5:33992424	36672889	"Farré X"
rs79014396-T	6E-12	-	0.0215006	-	"0.380487 unit decrease"	[0.27-0.49]	RXFP3	"Skin color"	"skin pigmentation"	-	GCST90255690	5:33936616	36672889	"Farré X"
rs9292519-A	2E-25	-	0.498079	-	"0.164078 unit decrease"	[0.13-0.19]	RXFP3	"Skin color"	"skin pigmentation"	-	GCST90255690	5:33938342	36672889	"Farré X"
rs183827287-?	1E-9	-	NR	-	"14.09 unit increase"	-	OLFML3,SYT6	"Skin pigmentation"	"skin pigmentation"	-	GCST90269962	1:114078318	37294081	"Ang KC"
rs676091-?	4E-8	-	NR	-	"9.59 unit increase"	-	KALRN	"Skin pigmentation"	"skin pigmentation"	-	GCST90269962	3:124624409	37294081	"Ang KC"
rs6816819-?	6E-10	-	NR	-	"11.99 unit increase"	-	LINC02232	"Skin pigmentation"	"skin pigmentation"	-	GCST90269962	4:64902991	37294081	"Ang KC"
rs183827287-?	3E-8	-	NR	-	"14.18 unit increase"	-	OLFML3,SYT6	"Skin pigmentation"	"skin pigmentation"	-	GCST90269963	1:114078318	37294081	"Ang KC"
rs676091-?	8E-8	-	NR	-	"9.73 unit increase"	-	KALRN	"Skin pigmentation"	"skin pigmentation"	-	GCST90269963	3:124624409	37294081	"Ang KC"
rs6816819-?	1E-7	-	NR	-	"10.96 unit increase"	-	LINC02232	"Skin pigmentation"	"skin pigmentation"	-	GCST90269963	4:64902991	37294081	"Ang KC"
rs183827287-?	3E-9	-	NR	-	"15.52 unit increase"	-	OLFML3,SYT6	"Skin pigmentation"	"skin pigmentation"	-	GCST90269964	1:114078318	37294081	"Ang KC"
rs676091-?	6E-7	-	NR	-	"9.02 unit increase"	-	KALRN	"Skin pigmentation"	"skin pigmentation"	-	GCST90269964	3:124624409	37294081	"Ang KC"
rs6816819-?	5E-7	-	NR	-	"10.3 unit increase"	-	LINC02232	"Skin pigmentation"	"skin pigmentation"	-	GCST90269964	4:64902991	37294081	"Ang KC"
rs183827287-?	1E-9	-	NR	-	"15.69 unit increase"	-	OLFML3,SYT6	"Skin pigmentation"	"skin pigmentation"	-	GCST90269965	1:114078318	37294081	"Ang KC"
rs676091-?	2E-7	-	NR	-	"9.21 unit increase"	-	KALRN	"Skin pigmentation"	"skin pigmentation"	-	GCST90269965	3:124624409	37294081	"Ang KC"
rs6816819-?	2E-7	-	NR	-	"10.5 unit increase"	-	LINC02232	"Skin pigmentation"	"skin pigmentation"	-	GCST90269965	4:64902991	37294081	"Ang KC"
rs16891982-G	2E-13	-	0.18	-	"0.029 unit decrease"	NR	SLC45A2	"Skin reflectance (Melanin index)"	"skin pigmentation"	-	GCST011355	5:33951588	33600456	"Batai K"
rs1800404-T	5E-8	-	0.22	-	"0.02 unit decrease"	NR	OCA2	"Skin reflectance (Melanin index)"	"skin pigmentation"	-	GCST011355	15:27990627	33600456	"Batai K"
rs2675345-A	4E-30	-	0.234	-	"0.042 unit decrease"	NR	SLC24A5,LINC01491	"Skin reflectance (Melanin index)"	"skin pigmentation"	-	GCST011355	15:48108002	33600456	"Batai K"
rs1001949-G	4E-8	-	0.221	-	"0.37 unit increase"	[0.24-0.5]	LINC02752	"Pigment spots (darkness)"	"skin pigmentation"	-	GCST90026491	11:11159318	34265127	"Inoue Y"
rs4424881-T	5E-7	-	NR	-	"0.158 unit increase"	[0.095-0.221]	APBA2	"Skin pigmentation (conditioned on rs1426654 and rs35397)"	"skin pigmentation"	-	GCST008516	15:28969513	31315583	"Lona-Durazo F"
Chr:16:51355517-?	2E-6	-	NR	-	"0.77493 unit decrease"	[0.46-1.09]	-	"Skin pigmentation (conditioned on rs1426654 and rs35397)"	"skin pigmentation"	-	GCST008516	-	31315583	"Lona-Durazo F"
rs112332856-C	2E-8	-	NR	-	"0.197 unit increase"	[0.13-0.27]	MFSD12	"Skin pigmentation (conditioned on rs1426654 and rs35397)"	"skin pigmentation"	-	GCST008516	19:3565601	31315583	"Lona-Durazo F"
Chr:8:141572309-?	2E-6	-	NR	-	"0.191869 unit decrease"	[0.11-0.27]	-	"Skin pigmentation (conditioned on rs1426654 and rs35397)"	"skin pigmentation"	-	GCST008516	-	31315583	"Lona-Durazo F"
rs1448484-G	4E-10	-	NR	-	"0.212961 unit increase"	[0.15-0.28]	OCA2	"Skin pigmentation (conditioned on rs1426654 and rs35397)"	"skin pigmentation"	-	GCST008516	15:28038295	31315583	"Lona-Durazo F"
rs36194177-A	5E-10	-	NR	-	"0.228791 unit increase"	[0.16-0.3]	APBA2,GOLGA6L7	"Skin pigmentation (conditioned on rs1426654 and rs35397)"	"skin pigmentation"	-	GCST008516	15:28873638	31315583	"Lona-Durazo F"
rs2636060-A	6E-10	-	NR	-	"0.231106 unit decrease"	[0.16-0.3]	ENTREP2	"Skin pigmentation (conditioned on rs1426654 and rs35397)"	"skin pigmentation"	-	GCST008516	15:29133733	31315583	"Lona-Durazo F"
Chr:15:27472149-?	2E-6	-	NR	-	"0.161154 unit increase"	[0.095-0.227]	-	"Skin pigmentation (conditioned on rs1426654 and rs35397)"	"skin pigmentation"	-	GCST008516	-	31315583	"Lona-Durazo F"
Chr:18:69393879-?	2E-6	-	NR	-	"0.350764 unit decrease"	[0.21-0.5]	-	"Skin pigmentation (conditioned on rs1426654 and rs35397)"	"skin pigmentation"	-	GCST008516	-	31315583	"Lona-Durazo F"
Chr:8:73085122-?	2E-6	-	NR	-	"0.708004 unit increase"	[0.42-1]	-	"Skin pigmentation (conditioned on rs1426654 and rs35397)"	"skin pigmentation"	-	GCST008516	-	31315583	"Lona-Durazo F"
rs3098576-T	9E-9	-	NR	-	"0.182124 unit increase"	[0.12-0.24]	GABRG3,OCA2	"Skin pigmentation (conditioned on rs1426654 and rs35397)"	"skin pigmentation"	-	GCST008516	15:27613262	31315583	"Lona-Durazo F"
Chr:2:234724255-?	2E-6	-	NR	-	"0.905247 unit decrease"	[0.53-1.28]	-	"Skin pigmentation (conditioned on rs1426654 and rs35397)"	"skin pigmentation"	-	GCST008516	-	31315583	"Lona-Durazo F"
Chr:7:128722447-?	2E-6	-	NR	-	"0.680473 unit increase"	[0.4-0.96]	-	"Skin pigmentation (conditioned on rs1426654 and rs35397)"	"skin pigmentation"	-	GCST008516	-	31315583	"Lona-Durazo F"
Chr:9:13774516-?	2E-6	-	NR	-	"0.783062 unit decrease"	[0.46-1.11]	-	"Skin pigmentation (conditioned on rs1426654 and rs35397)"	"skin pigmentation"	-	GCST008516	-	31315583	"Lona-Durazo F"
Chr:9:30124445-?	3E-6	-	NR	-	"0.560001 unit increase"	[0.33-0.79]	-	"Skin pigmentation (conditioned on rs1426654 and rs35397)"	"skin pigmentation"	-	GCST008516	-	31315583	"Lona-Durazo F"
Chr:11:86651312-?	1E-7	-	NR	-	"0.216321 unit decrease"	[0.14-0.3]	-	"Skin pigmentation (conditioned on rs1426654 and rs35397)"	"skin pigmentation"	-	GCST008516	-	31315583	"Lona-Durazo F"
Chr:12:3761997-?	3E-6	-	NR	-	"0.149108 unit increase"	[0.087-0.211]	-	"Skin pigmentation (conditioned on rs1426654 and rs35397)"	"skin pigmentation"	-	GCST008516	-	31315583	"Lona-Durazo F"
Chr:10:87128346-?	6E-7	-	NR	-	"0.326342 unit increase"	[0.2-0.45]	-	"Skin pigmentation (conditioned on rs1426654 and rs35397)"	"skin pigmentation"	-	GCST008516	-	31315583	"Lona-Durazo F"
Chr:4:11950512-?	3E-6	-	NR	-	"0.633011 unit increase"	[0.37-0.9]	-	"Skin pigmentation (conditioned on rs1426654 and rs35397)"	"skin pigmentation"	-	GCST008516	-	31315583	"Lona-Durazo F"
Chr:11:90630927-?	7E-7	-	NR	-	"0.165771 unit increase"	[0.1-0.23]	-	"Skin pigmentation (conditioned on rs1426654 and rs35397)"	"skin pigmentation"	-	GCST008516	-	31315583	"Lona-Durazo F"
Chr:3:23032340-?	3E-6	-	NR	-	"0.149422 unit decrease"	[0.087-0.212]	-	"Skin pigmentation (conditioned on rs1426654 and rs35397)"	"skin pigmentation"	-	GCST008516	-	31315583	"Lona-Durazo F"
Chr:8:80072960-?	3E-6	-	NR	-	"0.430728 unit decrease"	[0.25-0.61]	-	"Skin pigmentation (conditioned on rs1426654 and rs35397)"	"skin pigmentation"	-	GCST008516	-	31315583	"Lona-Durazo F"
rs139343937-A	3E-6	-	NR	-	"0.247831 unit decrease"	[0.14-0.35]	DYNLRB2-AS1	"Skin pigmentation (conditioned on rs1426654 and rs35397)"	"skin pigmentation"	-	GCST008516	16:80222544	31315583	"Lona-Durazo F"
Chr:9:30377452-?	4E-6	-	NR	-	"0.532458 unit increase"	[0.31-0.76]	-	"Skin pigmentation (conditioned on rs1426654 and rs35397)"	"skin pigmentation"	-	GCST008516	-	31315583	"Lona-Durazo F"
Chr:11:79985785-?	4E-6	-	NR	-	"0.148028 unit increase"	[0.085-0.211]	-	"Skin pigmentation (conditioned on rs1426654 and rs35397)"	"skin pigmentation"	-	GCST008516	-	31315583	"Lona-Durazo F"
Chr:15:30373225-?	1E-6	-	NR	-	"0.210913 unit increase"	[0.13-0.3]	-	"Skin pigmentation (conditioned on rs1426654 and rs35397)"	"skin pigmentation"	-	GCST008516	-	31315583	"Lona-Durazo F"
rs1800404-T	9E-6	-	NR	-	"0.137 unit decrease"	[0.076-0.198]	OCA2	"Skin pigmentation (conditioned on rs1426654 and rs35397)"	"skin pigmentation"	-	GCST008516	15:27990627	31315583	"Lona-Durazo F"
Chr:11:82140355-?	2E-6	-	NR	-	"0.218534 unit decrease"	[0.13-0.31]	-	"Skin pigmentation (conditioned on rs1426654 and rs35397)"	"skin pigmentation"	-	GCST008516	-	31315583	"Lona-Durazo F"
rs10160510-T	3E-10	-	NR	-	"0.247758 unit decrease"	[0.17-0.33]	GRM5	"Skin pigmentation (conditioned on rs1426654 and rs35397)"	"skin pigmentation"	-	GCST008516	11:88881156	31315583	"Lona-Durazo F"
Chr:11:89231284-?	2E-6	-	NR	-	"0.157524 unit decrease"	[0.093-0.222]	-	"Skin pigmentation (conditioned on rs1426654 and rs35397)"	"skin pigmentation"	-	GCST008516	-	31315583	"Lona-Durazo F"
Chr:2:65716172-?	2E-6	-	NR	-	"0.335209 unit decrease"	[0.2-0.47]	-	"Skin pigmentation (conditioned on rs1426654 and rs35397)"	"skin pigmentation"	-	GCST008516	-	31315583	"Lona-Durazo F"
Chr:11:94129869-?	2E-6	-	NR	-	"0.384971 unit increase"	[0.23-0.54]	-	"Skin pigmentation (conditioned on rs1426654 and rs35397)"	"skin pigmentation"	-	GCST008516	-	31315583	"Lona-Durazo F"
Chr:11:88935088-?	6E-10	-	NR	-	"0.229214 unit decrease"	[0.16-0.3]	-	"Skin pigmentation (conditioned on rs1426654 and rs35397)"	"skin pigmentation"	-	GCST008516	-	31315583	"Lona-Durazo F"
rs1667392-C	5E-9	-	NR	-	"0.267776 unit decrease"	[0.18-0.36]	HERC2	"Skin pigmentation (conditioned on rs1426654 and rs35397)"	"skin pigmentation"	-	GCST008516	15:28288419	31315583	"Lona-Durazo F"
rs10416746-A	6E-9	-	NR	-	"0.294368 unit increase"	[0.2-0.39]	MFSD12	"Skin pigmentation (conditioned on rs1426654 and rs35397)"	"skin pigmentation"	-	GCST008516	19:3563984	31315583	"Lona-Durazo F"
Chr:13:102243116-?	2E-6	-	NR	-	"1.14906 unit decrease"	[0.67-1.62]	-	"Skin pigmentation (conditioned on rs1426654 and rs35397)"	"skin pigmentation"	-	GCST008516	-	31315583	"Lona-Durazo F"
Chr:15:28410491-?	3E-8	-	NR	-	"0.20518 unit decrease"	[0.13-0.28]	-	"Skin pigmentation (conditioned on rs1426654 and rs35397)"	"skin pigmentation"	-	GCST008516	-	31315583	"Lona-Durazo F"
Chr:15:29622949-?	4E-8	-	NR	-	"0.186577 unit increase"	[0.12-0.25]	-	"Skin pigmentation (conditioned on rs1426654 and rs35397)"	"skin pigmentation"	-	GCST008516	-	31315583	"Lona-Durazo F"
Chr:11:85905715-?	1E-7	-	NR	-	"0.170786 unit decrease"	[0.11-0.23]	-	"Skin pigmentation (conditioned on rs1426654 and rs35397)"	"skin pigmentation"	-	GCST008516	-	31315583	"Lona-Durazo F"
Chr:4:127778829-?	3E-6	-	NR	-	"0.149888 unit increase"	[0.087-0.212]	-	"Skin pigmentation (conditioned on rs1426654 and rs35397)"	"skin pigmentation"	-	GCST008516	-	31315583	"Lona-Durazo F"
Chr:5:172380123-?	2E-7	-	NR	-	"0.184042 unit decrease"	[0.12-0.25]	-	"Skin pigmentation (conditioned on rs1426654 and rs35397)"	"skin pigmentation"	-	GCST008516	-	31315583	"Lona-Durazo F"
Chr:21:15298545-?	3E-6	-	NR	-	"0.214251 unit decrease"	[0.12-0.3]	-	"Skin pigmentation (conditioned on rs1426654 and rs35397)"	"skin pigmentation"	-	GCST008516	-	31315583	"Lona-Durazo F"
Chr:15:28708987-?	6E-7	-	NR	-	"0.245392 unit increase"	[0.15-0.34]	-	"Skin pigmentation (conditioned on rs1426654 and rs35397)"	"skin pigmentation"	-	GCST008516	-	31315583	"Lona-Durazo F"
Chr:9:30226487-?	3E-6	-	NR	-	"0.493719 unit increase"	[0.29-0.7]	-	"Skin pigmentation (conditioned on rs1426654 and rs35397)"	"skin pigmentation"	-	GCST008516	-	31315583	"Lona-Durazo F"
Chr:11:71417242-?	1E-6	-	NR	-	"0.342537 unit increase"	[0.21-0.48]	-	"Skin pigmentation (conditioned on rs1426654 and rs35397)"	"skin pigmentation"	-	GCST008516	-	31315583	"Lona-Durazo F"
Chr:15:31393474-?	1E-6	-	NR	-	"0.166621 unit increase"	[0.1-0.233]	-	"Skin pigmentation (conditioned on rs1426654 and rs35397)"	"skin pigmentation"	-	GCST008516	-	31315583	"Lona-Durazo F"
Chr:4:134782403-?	1E-6	-	NR	-	"0.157799 unit increase"	[0.095-0.221]	-	"Skin pigmentation (conditioned on rs1426654 and rs35397)"	"skin pigmentation"	-	GCST008516	-	31315583	"Lona-Durazo F"
Chr:19:2258223-?	1E-6	-	NR	-	"0.162165 unit increase"	[0.097-0.227]	-	"Skin pigmentation (conditioned on rs1426654 and rs35397)"	"skin pigmentation"	-	GCST008516	-	31315583	"Lona-Durazo F"
Chr:11:4775771-?	1E-6	-	NR	-	"0.229102 unit decrease"	[0.14-0.32]	-	"Skin pigmentation (conditioned on rs1426654 and rs35397)"	"skin pigmentation"	-	GCST008516	-	31315583	"Lona-Durazo F"
Chr:11:63258901-?	1E-6	-	NR	-	"0.511733 unit increase"	[0.31-0.72]	-	"Skin pigmentation (conditioned on rs1426654 and rs35397)"	"skin pigmentation"	-	GCST008516	-	31315583	"Lona-Durazo F"
Chr:14:28945306-?	4E-6	-	NR	-	"0.164298 unit decrease"	[0.095-0.234]	-	"Skin pigmentation (conditioned on rs1426654 and rs35397)"	"skin pigmentation"	-	GCST008516	-	31315583	"Lona-Durazo F"
Chr:1:186802563-?	4E-6	-	NR	-	"0.163906 unit decrease"	[0.094-0.233]	-	"Skin pigmentation (conditioned on rs1426654 and rs35397)"	"skin pigmentation"	-	GCST008516	-	31315583	"Lona-Durazo F"
Chr:16:57319965-?	4E-6	-	NR	-	"0.156731 unit decrease"	[0.09-0.223]	-	"Skin pigmentation (conditioned on rs1426654 and rs35397)"	"skin pigmentation"	-	GCST008516	-	31315583	"Lona-Durazo F"
Chr:2:109633236-?	4E-6	-	NR	-	"0.421392 unit increase"	[0.24-0.6]	-	"Skin pigmentation (conditioned on rs1426654 and rs35397)"	"skin pigmentation"	-	GCST008516	-	31315583	"Lona-Durazo F"
Chr:6:82956765-?	4E-6	-	NR	-	"0.451587 unit decrease"	[0.26-0.64]	-	"Skin pigmentation (conditioned on rs1426654 and rs35397)"	"skin pigmentation"	-	GCST008516	-	31315583	"Lona-Durazo F"
Chr:7:64100630-?	4E-6	-	NR	-	"0.151518 unit decrease"	[0.087-0.216]	-	"Skin pigmentation (conditioned on rs1426654 and rs35397)"	"skin pigmentation"	-	GCST008516	-	31315583	"Lona-Durazo F"
Chr:17:63471421-?	4E-6	-	NR	-	"0.690929 unit increase"	[0.4-0.98]	-	"Skin pigmentation (conditioned on rs1426654 and rs35397)"	"skin pigmentation"	-	GCST008516	-	31315583	"Lona-Durazo F"
Chr:10:65570347-?	4E-6	-	NR	-	"0.14494 unit increase"	[0.083-0.207]	-	"Skin pigmentation (conditioned on rs1426654 and rs35397)"	"skin pigmentation"	-	GCST008516	-	31315583	"Lona-Durazo F"
Chr:1:45739137-?	4E-6	-	NR	-	"0.600066 unit increase"	[0.34-0.86]	-	"Skin pigmentation (conditioned on rs1426654 and rs35397)"	"skin pigmentation"	-	GCST008516	-	31315583	"Lona-Durazo F"
Chr:12:1302842-?	5E-6	-	NR	-	"0.967851 unit increase"	[0.55-1.38]	-	"Skin pigmentation (conditioned on rs1426654 and rs35397)"	"skin pigmentation"	-	GCST008516	-	31315583	"Lona-Durazo F"
Chr:4:111065377-?	5E-6	-	NR	-	"0.228706 unit increase"	[0.13-0.33]	-	"Skin pigmentation (conditioned on rs1426654 and rs35397)"	"skin pigmentation"	-	GCST008516	-	31315583	"Lona-Durazo F"
Chr:1:156887164-?	5E-6	-	NR	-	"0.540607 unit decrease"	[0.31-0.77]	-	"Skin pigmentation (conditioned on rs1426654 and rs35397)"	"skin pigmentation"	-	GCST008516	-	31315583	"Lona-Durazo F"
Chr:10:53694026-?	5E-6	-	NR	-	"0.188929 unit increase"	[0.11-0.27]	-	"Skin pigmentation (conditioned on rs1426654 and rs35397)"	"skin pigmentation"	-	GCST008516	-	31315583	"Lona-Durazo F"
Chr:11:95214960-?	5E-6	-	NR	-	"0.352796 unit increase"	[0.2-0.5]	-	"Skin pigmentation (conditioned on rs1426654 and rs35397)"	"skin pigmentation"	-	GCST008516	-	31315583	"Lona-Durazo F"
Chr:7:28953577-?	5E-6	-	NR	-	"0.42148 unit decrease"	[0.24-0.6]	-	"Skin pigmentation (conditioned on rs1426654 and rs35397)"	"skin pigmentation"	-	GCST008516	-	31315583	"Lona-Durazo F"
Chr:11:81188230-?	5E-6	-	NR	-	"0.222586 unit increase"	[0.13-0.32]	-	"Skin pigmentation (conditioned on rs1426654 and rs35397)"	"skin pigmentation"	-	GCST008516	-	31315583	"Lona-Durazo F"
Chr:4:2022322-?	5E-6	-	NR	-	"0.390186 unit decrease"	[0.22-0.56]	-	"Skin pigmentation (conditioned on rs1426654 and rs35397)"	"skin pigmentation"	-	GCST008516	-	31315583	"Lona-Durazo F"
Chr:7:15006929-?	5E-6	-	NR	-	"0.228695 unit decrease"	[0.13-0.33]	-	"Skin pigmentation (conditioned on rs1426654 and rs35397)"	"skin pigmentation"	-	GCST008516	-	31315583	"Lona-Durazo F"
Chr:8:16638631-?	5E-6	-	NR	-	"0.805255 unit decrease"	[0.46-1.15]	-	"Skin pigmentation (conditioned on rs1426654 and rs35397)"	"skin pigmentation"	-	GCST008516	-	31315583	"Lona-Durazo F"
Chr:8:18221791-?	6E-6	-	NR	-	"0.220171 unit decrease"	[0.13-0.32]	-	"Skin pigmentation (conditioned on rs1426654 and rs35397)"	"skin pigmentation"	-	GCST008516	-	31315583	"Lona-Durazo F"
Chr:2:2587380-?	6E-6	-	NR	-	"0.253518 unit increase"	[0.14-0.36]	-	"Skin pigmentation (conditioned on rs1426654 and rs35397)"	"skin pigmentation"	-	GCST008516	-	31315583	"Lona-Durazo F"
Chr:12:128550867-?	6E-6	-	NR	-	"0.29703 unit decrease"	[0.17-0.43]	-	"Skin pigmentation (conditioned on rs1426654 and rs35397)"	"skin pigmentation"	-	GCST008516	-	31315583	"Lona-Durazo F"
Chr:15:26939297-?	6E-6	-	NR	-	"0.166645 unit decrease"	[0.094-0.239]	-	"Skin pigmentation (conditioned on rs1426654 and rs35397)"	"skin pigmentation"	-	GCST008516	-	31315583	"Lona-Durazo F"
Chr:14:31344483-?	6E-6	-	NR	-	"0.496429 unit increase"	[0.28-0.71]	-	"Skin pigmentation (conditioned on rs1426654 and rs35397)"	"skin pigmentation"	-	GCST008516	-	31315583	"Lona-Durazo F"
Chr:13:20966992-?	6E-6	-	NR	-	"0.449315 unit increase"	[0.25-0.64]	-	"Skin pigmentation (conditioned on rs1426654 and rs35397)"	"skin pigmentation"	-	GCST008516	-	31315583	"Lona-Durazo F"
Chr:5:26980983-?	7E-6	-	NR	-	"0.834728 unit decrease"	[0.47-1.2]	-	"Skin pigmentation (conditioned on rs1426654 and rs35397)"	"skin pigmentation"	-	GCST008516	-	31315583	"Lona-Durazo F"
Chr:10:127398206-?	7E-6	-	NR	-	"0.409436 unit increase"	[0.23-0.59]	-	"Skin pigmentation (conditioned on rs1426654 and rs35397)"	"skin pigmentation"	-	GCST008516	-	31315583	"Lona-Durazo F"
Chr:18:3107404-?	8E-6	-	NR	-	"0.71058 unit increase"	[0.4-1.02]	-	"Skin pigmentation (conditioned on rs1426654 and rs35397)"	"skin pigmentation"	-	GCST008516	-	31315583	"Lona-Durazo F"
Chr:11:83821860-?	9E-6	-	NR	-	"0.145631 unit decrease"	[0.081-0.21]	-	"Skin pigmentation (conditioned on rs1426654 and rs35397)"	"skin pigmentation"	-	GCST008516	-	31315583	"Lona-Durazo F"
rs35397-?	9E-13	-	0.548195	-	"0.342625 unit decrease"	[0.25-0.44]	SLC45A2	"Skin pigmentation"	"skin pigmentation"	-	GCST008518	5:33951011	31315583	"Lona-Durazo F"
Chr:15:45987020-?	8E-8	-	0.753478	-	"0.326493 unit decrease"	[0.21-0.45]	-	"Skin pigmentation"	"skin pigmentation"	-	GCST008518	-	31315583	"Lona-Durazo F"
Chr:12:105324907-?	9E-8	-	0.114009	-	"0.412167 unit decrease"	[0.26-0.57]	-	"Skin pigmentation"	"skin pigmentation"	-	GCST008518	-	31315583	"Lona-Durazo F"
Chr:12:2900438-?	3E-7	-	0.0543307	-	"0.659345 unit decrease"	[0.4-0.91]	-	"Skin pigmentation"	"skin pigmentation"	-	GCST008518	-	31315583	"Lona-Durazo F"
rs1426654-?	3E-7	-	0.288485	-	"0.259952 unit increase"	[0.16-0.36]	SLC24A5	"Skin pigmentation"	"skin pigmentation"	-	GCST008518	15:48134287	31315583	"Lona-Durazo F"
Chr:16:80256441-?	5E-7	-	0.12769	-	"0.38624 unit decrease"	[0.23-0.54]	-	"Skin pigmentation"	"skin pigmentation"	-	GCST008518	-	31315583	"Lona-Durazo F"
Chr:15:26939297-?	6E-7	-	0.879856	-	"0.39344 unit decrease"	[0.24-0.55]	-	"Skin pigmentation"	"skin pigmentation"	-	GCST008518	-	31315583	"Lona-Durazo F"
Chr:22:36614829-?	6E-7	-	0.0529856	-	"0.571941 unit decrease"	[0.34-0.8]	-	"Skin pigmentation"	"skin pigmentation"	-	GCST008518	-	31315583	"Lona-Durazo F"
Chr:5:54231062-?	9E-7	-	0.274377	-	"0.307426 unit increase"	[0.18-0.43]	-	"Skin pigmentation"	"skin pigmentation"	-	GCST008518	-	31315583	"Lona-Durazo F"
Chr:15:52174216-?	1E-6	-	0.0557087	-	"0.526832 unit increase"	[0.31-0.74]	-	"Skin pigmentation"	"skin pigmentation"	-	GCST008518	-	31315583	"Lona-Durazo F"
Chr:15:50039885-?	1E-6	-	0.939337	-	"0.496901 unit decrease"	[0.29-0.7]	-	"Skin pigmentation"	"skin pigmentation"	-	GCST008518	-	31315583	"Lona-Durazo F"
Chr:10:34369212-?	1E-6	-	0.0563648	-	"0.574636 unit decrease"	[0.34-0.81]	-	"Skin pigmentation"	"skin pigmentation"	-	GCST008518	-	31315583	"Lona-Durazo F"
Chr:7:157943357-?	1E-6	-	0.120604	-	"0.372074 unit decrease"	[0.22-0.53]	-	"Skin pigmentation"	"skin pigmentation"	-	GCST008518	-	31315583	"Lona-Durazo F"
Chr:18:2184662-?	2E-6	-	0.0728346	-	"0.512677 unit decrease"	[0.3-0.73]	-	"Skin pigmentation"	"skin pigmentation"	-	GCST008518	-	31315583	"Lona-Durazo F"
Chr:5:36482830-?	2E-6	-	0.207447	-	"0.31314 unit increase"	[0.18-0.44]	-	"Skin pigmentation"	"skin pigmentation"	-	GCST008518	-	31315583	"Lona-Durazo F"
Chr:12:103509590-?	2E-6	-	0.0509514	-	"0.585478 unit decrease"	[0.34-0.83]	-	"Skin pigmentation"	"skin pigmentation"	-	GCST008518	-	31315583	"Lona-Durazo F"
Chr:15:27859712-?	2E-6	-	0.334285	-	"0.258411 unit increase"	[0.15-0.37]	-	"Skin pigmentation"	"skin pigmentation"	-	GCST008518	-	31315583	"Lona-Durazo F"
Chr:5:38105838-?	3E-6	-	0.153511	-	"0.375277 unit increase"	[0.22-0.53]	-	"Skin pigmentation"	"skin pigmentation"	-	GCST008518	-	31315583	"Lona-Durazo F"
Chr:21:44469704-?	3E-6	-	0.124573	-	"0.389224 unit decrease"	[0.22-0.55]	-	"Skin pigmentation"	"skin pigmentation"	-	GCST008518	-	31315583	"Lona-Durazo F"
Chr:1:7725610-?	3E-6	-	0.114337	-	"0.379984 unit decrease"	[0.22-0.54]	-	"Skin pigmentation"	"skin pigmentation"	-	GCST008518	-	31315583	"Lona-Durazo F"
Chr:15:39458912-?	3E-6	-	0.0604331	-	"0.53686 unit increase"	[0.31-0.77]	-	"Skin pigmentation"	"skin pigmentation"	-	GCST008518	-	31315583	"Lona-Durazo F"
Chr:12:111562493-?	3E-6	-	0.0680446	-	"0.482111 unit decrease"	[0.28-0.69]	-	"Skin pigmentation"	"skin pigmentation"	-	GCST008518	-	31315583	"Lona-Durazo F"
Chr:19:57246514-?	3E-6	-	0.0819554	-	"0.43776 unit increase"	[0.25-0.63]	-	"Skin pigmentation"	"skin pigmentation"	-	GCST008518	-	31315583	"Lona-Durazo F"
Chr:5:38641728-?	4E-6	-	0.0616797	-	"0.52007 unit increase"	[0.3-0.74]	-	"Skin pigmentation"	"skin pigmentation"	-	GCST008518	-	31315583	"Lona-Durazo F"
Chr:8:19565480-?	4E-6	-	0.753182	-	"0.280055 unit decrease"	[0.16-0.4]	-	"Skin pigmentation"	"skin pigmentation"	-	GCST008518	-	31315583	"Lona-Durazo F"
Chr:2:135361495-?	4E-6	-	0.123458	-	"0.405213 unit increase"	[0.23-0.58]	-	"Skin pigmentation"	"skin pigmentation"	-	GCST008518	-	31315583	"Lona-Durazo F"
Chr:9:90088069-?	5E-6	-	0.0578412	-	"0.508428 unit decrease"	[0.29-0.73]	-	"Skin pigmentation"	"skin pigmentation"	-	GCST008518	-	31315583	"Lona-Durazo F"
Chr:11:7258416-?	5E-6	-	0.0931759	-	"0.439417 unit decrease"	[0.25-0.63]	-	"Skin pigmentation"	"skin pigmentation"	-	GCST008518	-	31315583	"Lona-Durazo F"
Chr:9:370802-?	5E-6	-	0.0549868	-	"0.586499 unit decrease"	[0.33-0.84]	-	"Skin pigmentation"	"skin pigmentation"	-	GCST008518	-	31315583	"Lona-Durazo F"
Chr:10:114228444-?	5E-6	-	0.534055	-	"0.234705 unit increase"	[0.13-0.34]	-	"Skin pigmentation"	"skin pigmentation"	-	GCST008518	-	31315583	"Lona-Durazo F"
Chr:19:48360622-?	6E-6	-	0.0552493	-	"0.573507 unit decrease"	[0.32-0.82]	-	"Skin pigmentation"	"skin pigmentation"	-	GCST008518	-	31315583	"Lona-Durazo F"
Chr:11:15649614-?	6E-6	-	0.196818	-	"0.29515 unit decrease"	[0.17-0.42]	-	"Skin pigmentation"	"skin pigmentation"	-	GCST008518	-	31315583	"Lona-Durazo F"
Chr:15:45459564-?	6E-6	-	0.703445	-	"0.241112 unit decrease"	[0.14-0.35]	-	"Skin pigmentation"	"skin pigmentation"	-	GCST008518	-	31315583	"Lona-Durazo F"
Chr:2:72184-?	6E-6	-	0.186614	-	"0.298519 unit decrease"	[0.17-0.43]	-	"Skin pigmentation"	"skin pigmentation"	-	GCST008518	-	31315583	"Lona-Durazo F"
Chr:10:53525990-?	6E-6	-	0.0750328	-	"0.430796 unit decrease"	[0.24-0.62]	-	"Skin pigmentation"	"skin pigmentation"	-	GCST008518	-	31315583	"Lona-Durazo F"
Chr:22:49098169-?	6E-6	-	0.293635	-	"0.264089 unit decrease"	[0.15-0.38]	-	"Skin pigmentation"	"skin pigmentation"	-	GCST008518	-	31315583	"Lona-Durazo F"
Chr:3:138148250-?	6E-6	-	0.102264	-	"0.382669 unit decrease"	[0.21-0.55]	-	"Skin pigmentation"	"skin pigmentation"	-	GCST008518	-	31315583	"Lona-Durazo F"
Chr:8:59223668-?	7E-6	-	0.108629	-	"0.355254 unit decrease"	[0.2-0.51]	-	"Skin pigmentation"	"skin pigmentation"	-	GCST008518	-	31315583	"Lona-Durazo F"
Chr:7:130464622-?	7E-6	-	0.0550525	-	"0.564974 unit decrease"	[0.32-0.81]	-	"Skin pigmentation"	"skin pigmentation"	-	GCST008518	-	31315583	"Lona-Durazo F"
Chr:13:110008863-?	7E-6	-	0.157415	-	"0.320593 unit decrease"	[0.18-0.46]	-	"Skin pigmentation"	"skin pigmentation"	-	GCST008518	-	31315583	"Lona-Durazo F"
Chr:12:11731430-?	7E-6	-	0.0687664	-	"0.508189 unit increase"	[0.28-0.73]	-	"Skin pigmentation"	"skin pigmentation"	-	GCST008518	-	31315583	"Lona-Durazo F"
Chr:21:30845873-?	7E-6	-	0.200066	-	"0.321717 unit decrease"	[0.18-0.46]	-	"Skin pigmentation"	"skin pigmentation"	-	GCST008518	-	31315583	"Lona-Durazo F"
Chr:19:6351522-?	7E-6	-	0.0530512	-	"0.557323 unit increase"	[0.31-0.8]	-	"Skin pigmentation"	"skin pigmentation"	-	GCST008518	-	31315583	"Lona-Durazo F"
Chr:3:65007449-?	7E-6	-	0.369193	-	"0.240921 unit increase"	[0.13-0.35]	-	"Skin pigmentation"	"skin pigmentation"	-	GCST008518	-	31315583	"Lona-Durazo F"
Chr:6:42160087-?	8E-6	-	0.0662073	-	"0.493826 unit decrease"	[0.27-0.71]	-	"Skin pigmentation"	"skin pigmentation"	-	GCST008518	-	31315583	"Lona-Durazo F"
Chr:22:45503302-?	8E-6	-	0.102756	-	"0.393645 unit decrease"	[0.22-0.57]	-	"Skin pigmentation"	"skin pigmentation"	-	GCST008518	-	31315583	"Lona-Durazo F"
Chr:4:76180384-?	8E-6	-	0.0552166	-	"0.518697 unit decrease"	[0.29-0.75]	-	"Skin pigmentation"	"skin pigmentation"	-	GCST008518	-	31315583	"Lona-Durazo F"
Chr:17:1699857-?	8E-6	-	0.734514	-	"0.266753 unit increase"	[0.15-0.39]	-	"Skin pigmentation"	"skin pigmentation"	-	GCST008518	-	31315583	"Lona-Durazo F"
Chr:3:143602507-?	8E-6	-	0.0660761	-	"0.495919 unit decrease"	[0.27-0.72]	-	"Skin pigmentation"	"skin pigmentation"	-	GCST008518	-	31315583	"Lona-Durazo F"
Chr:12:82585690-?	8E-6	-	0.0655512	-	"0.496157 unit decrease"	[0.27-0.72]	-	"Skin pigmentation"	"skin pigmentation"	-	GCST008518	-	31315583	"Lona-Durazo F"
Chr:2:29327625-?	8E-6	-	0.148064	-	"0.339009 unit decrease"	[0.19-0.49]	-	"Skin pigmentation"	"skin pigmentation"	-	GCST008518	-	31315583	"Lona-Durazo F"
Chr:1:61244153-?	9E-6	-	0.0551509	-	"0.554833 unit decrease"	[0.31-0.8]	-	"Skin pigmentation"	"skin pigmentation"	-	GCST008518	-	31315583	"Lona-Durazo F"
Chr:1:107661894-?	9E-6	-	0.509514	-	"0.23171 unit increase"	[0.13-0.34]	-	"Skin pigmentation"	"skin pigmentation"	-	GCST008518	-	31315583	"Lona-Durazo F"
Chr:1:54011503-?	9E-6	-	0.0578084	-	"0.532478 unit decrease"	[0.29-0.77]	-	"Skin pigmentation"	"skin pigmentation"	-	GCST008518	-	31315583	"Lona-Durazo F"
rs112332856-C	9E-8	-	NR	-	"0.188956 unit increase"	-	MFSD12	"Skin pigmentation"	"skin pigmentation"	-	GCST008519	19:3565601	31315583	"Lona-Durazo F"
rs12913832-G	3E-8	-	NR	-	"0.21 unit decrease"	[0.13-0.29]	HERC2	"Skin pigmentation"	"skin pigmentation"	-	GCST008519	15:28120472	31315583	"Lona-Durazo F"
rs1042602-?	9E-10	-	NR	-	"0.227 unit decrease"	[0.15-0.30]	TYR	"Skin pigmentation"	"skin pigmentation"	-	GCST008519	11:89178528	31315583	"Lona-Durazo F"
rs35395-T	2E-24	-	NR	-	"0.321 unit decrease"	[0.26-0.38]	SLC45A2	"Skin pigmentation"	"skin pigmentation"	-	GCST008519	5:33948484	31315583	"Lona-Durazo F"
rs16891982-C	2E-23	-	NR	-	"0.317 unit decrease"	[0.25-0.38]	SLC45A2	"Skin pigmentation"	"skin pigmentation"	-	GCST008519	5:33951588	31315583	"Lona-Durazo F"
rs10831496-G	9E-8	-	NR	-	"0.168 unit increase"	[0.11-0.23]	GRM5	"Skin pigmentation"	"skin pigmentation"	-	GCST008519	11:88824823	31315583	"Lona-Durazo F"
rs1426654-G	6E-39	-	NR	-	"0.403 unit increase"	[0.34-0.46]	SLC24A5	"Skin pigmentation"	"skin pigmentation"	-	GCST008519	15:48134287	31315583	"Lona-Durazo F"
rs12203592-?	3E-10	-	NR	-	-	-	IRF4	"Skin pigmentation"	"skin pigmentation"	-	GCST007452	6:396321	30664655	"Adhikari K"
rs4778219-?	3E-9	"(conditional on rs16891982, rs12203592, rs10809826, rs1800404, rs12913832 and rs1426654)"	NR	-	-	-	OCA2	"Skin pigmentation"	"skin pigmentation"	-	GCST007452	15:27968704	30664655	"Adhikari K"
rs16891982-?	1E-117	-	NR	-	-	-	SLC45A2	"Skin pigmentation"	"skin pigmentation"	-	GCST007452	5:33951588	30664655	"Adhikari K"
rs11198112-?	2E-10	-	NR	-	-	-	RAB11FIP2,LINC02674	"Skin pigmentation"	"skin pigmentation"	-	GCST007452	10:117804632	30664655	"Adhikari K"
rs7118677-?	1E-9	-	NR	-	-	-	GRM5	"Skin pigmentation"	"skin pigmentation"	-	GCST007452	11:88778356	30664655	"Adhikari K"
rs1042602-?	9E-10	-	NR	-	-	-	TYR	"Skin pigmentation"	"skin pigmentation"	-	GCST007452	11:89178528	30664655	"Adhikari K"
rs1126809-?	3E-9	-	NR	-	-	-	TYR	"Skin pigmentation"	"skin pigmentation"	-	GCST007452	11:89284793	30664655	"Adhikari K"
rs1800407-?	7E-9	-	NR	-	-	-	OCA2	"Skin pigmentation"	"skin pigmentation"	-	GCST007452	15:27985172	30664655	"Adhikari K"
rs1800404-?	5E-11	-	NR	-	-	-	OCA2	"Skin pigmentation"	"skin pigmentation"	-	GCST007452	15:27990627	30664655	"Adhikari K"
rs12913832-?	1E-17	-	NR	-	-	-	HERC2	"Skin pigmentation"	"skin pigmentation"	-	GCST007452	15:28120472	30664655	"Adhikari K"
rs4778249-?	3E-6	-	NR	-	-	-	HERC2	"Skin pigmentation"	"skin pigmentation"	-	GCST007452	15:28135372	30664655	"Adhikari K"
rs1426654-?	2E-130	-	NR	-	-	-	SLC24A5	"Skin pigmentation"	"skin pigmentation"	-	GCST007452	15:48134287	30664655	"Adhikari K"
rs885479-?	2E-7	-	NR	-	-	-	MC1R	"Skin pigmentation"	"skin pigmentation"	-	GCST007452	16:89919746	30664655	"Adhikari K"
rs2240751-?	2E-10	-	NR	-	-	-	MFSD12,MFSD12-AS1	"Skin pigmentation"	"skin pigmentation"	-	GCST007452	19:3548233	30664655	"Adhikari K"
rs80343610-A	2E-6	-	NR	-	"0.520464 unit increase"	[0.31-0.73]	CHCHD2P9,KRT18P24	"Skin reflectance (Melanin index)"	"skin pigmentation"	-	GCST007739	9:79269045	30895295	"Jonnalagadda M"
rs28714227-T	2E-6	-	NR	-	"0.587953 unit decrease"	[0.35-0.83]	EPIC1	"Skin reflectance (Melanin index)"	"skin pigmentation"	-	GCST007739	22:47845112	30895295	"Jonnalagadda M"
rs112628998-A	1E-6	-	NR	-	"0.673911 unit decrease"	[0.4-0.94]	HLA-DRB6	"Skin reflectance (Melanin index)"	"skin pigmentation"	-	GCST007739	6:32558998	30895295	"Jonnalagadda M"
rs17208853-C	8E-6	-	NR	-	"0.649209 unit decrease"	[0.36-0.93]	TSBP1-AS1,HLA-DRA	"Skin reflectance (Melanin index)"	"skin pigmentation"	-	GCST007739	6:32408583	30895295	"Jonnalagadda M"
rs74535542-G	8E-6	-	NR	-	"0.706502 unit increase"	[0.4-1.02]	LINC01865	"Skin reflectance (Melanin index)"	"skin pigmentation"	-	GCST007739	2:365786	30895295	"Jonnalagadda M"
chr10:86065356-C	7E-6	-	NR	-	"0.726705 unit increase"	[0.41-1.04]	-	"Skin reflectance (Melanin index)"	"skin pigmentation"	-	GCST007739	-	30895295	"Jonnalagadda M"
rs17430375-C	6E-8	-	NR	-	"0.898858 unit decrease"	[0.57-1.22]	DUT,FBN1	"Skin reflectance (Melanin index)"	"skin pigmentation"	-	GCST007739	15:48369245	30895295	"Jonnalagadda M"
chr10:85960059-A	1E-6	-	NR	-	"0.862698 unit increase"	[0.52-1.21]	-	"Skin reflectance (Melanin index)"	"skin pigmentation"	-	GCST007739	-	30895295	"Jonnalagadda M"
rs9609597-A	6E-6	-	NR	-	"0.856133 unit increase"	[0.49-1.23]	SYN3	"Skin reflectance (Melanin index)"	"skin pigmentation"	-	GCST007739	22:32567060	30895295	"Jonnalagadda M"
chr8:2179609-A	2E-6	-	NR	-	"1.25688 unit increase"	[0.74-1.77]	-	"Skin reflectance (Melanin index)"	"skin pigmentation"	-	GCST007739	-	30895295	"Jonnalagadda M"
chr5:164376293-A	7E-6	-	NR	-	"1.21179 unit increase"	[0.69-1.74]	-	"Skin reflectance (Melanin index)"	"skin pigmentation"	-	GCST007739	-	30895295	"Jonnalagadda M"
chr6:18040202-A	2E-6	-	NR	-	"1.30103 unit increase"	[0.76-1.84]	-	"Skin reflectance (Melanin index)"	"skin pigmentation"	-	GCST007739	-	30895295	"Jonnalagadda M"
chr13:84347032-T	5E-7	-	NR	-	"1.43517 unit decrease"	[0.88-1.99]	-	"Skin reflectance (Melanin index)"	"skin pigmentation"	-	GCST007739	-	30895295	"Jonnalagadda M"
rs10122939-G	2E-13	-	0.34	-	"0.09 unit decrease"	-	MLLT3,SLC24A2	"Skin pigmentation"	"skin pigmentation"	-	GCST90100219	9:20300845	34570997	"Wang F"
rs1800414-C	1E-10	-	0.48	-	"0.09 unit decrease"	-	OCA2	"Skin pigmentation"	"skin pigmentation"	-	GCST90100219	15:27951891	34570997	"Wang F"
rs1426654-A	5E-10	-	0.03	-	"0.24 unit increase"	-	SLC24A5	"Skin pigmentation"	"skin pigmentation"	-	GCST90100219	15:48134287	34570997	"Wang F"
rs1379496-A	6E-6	"(conditioned on rs1426654)"	NR	-	"0.239513 unit increase"	[0.14-0.34]	IGF1,LINC00485	"Skin reflectance (Melanin index)"	"skin pigmentation"	-	GCST007739	12:102579439	30895295	"Jonnalagadda M"
rs190989442-G	6E-6	"(conditioned on rs1426654)"	NR	-	"1.34191 unit decrease"	[0.76-1.92]	PWRN4,PWRN1	"Skin reflectance (Melanin index)"	"skin pigmentation"	-	GCST007739	15:24101305	30895295	"Jonnalagadda M"
rs4259415-C	5E-6	"(conditioned on rs1426654)"	NR	-	"0.258643 unit increase"	[0.15-0.37]	TNFRSF10B	"Skin reflectance (Melanin index)"	"skin pigmentation"	-	GCST007739	8:23044055	30895295	"Jonnalagadda M"
rs1912459-T	5E-6	"(conditioned on rs1426654)"	NR	-	"0.262303 unit decrease"	[0.15-0.37]	LINC02853	"Skin reflectance (Melanin index)"	"skin pigmentation"	-	GCST007739	15:36052589	30895295	"Jonnalagadda M"
rs6972456-G	6E-6	"(conditioned on rs1426654)"	NR	-	"0.260626 unit increase"	[0.15-0.37]	GIMAP3P,GIMAP5	"Skin reflectance (Melanin index)"	"skin pigmentation"	-	GCST007739	7:150747295	30895295	"Jonnalagadda M"
rs6743428-A	6E-6	"(conditioned on rs1426654)"	NR	-	"0.266083 unit decrease"	[0.15-0.38]	LINC01804	"Skin reflectance (Melanin index)"	"skin pigmentation"	-	GCST007739	2:15692975	30895295	"Jonnalagadda M"
rs1426654-G	3E-39	-	NR	-	"0.704742 unit increase"	[0.6-0.81]	SLC24A5	"Skin reflectance (Melanin index)"	"skin pigmentation"	-	GCST007739	15:48134287	30895295	"Jonnalagadda M"
rs7538231-A	1E-7	"(conditioned on rs1426654)"	NR	-	"0.341084 unit decrease"	[0.22-0.47]	ACTL8,LINC01654	"Skin reflectance (Melanin index)"	"skin pigmentation"	-	GCST007739	1:17875687	30895295	"Jonnalagadda M"
rs928618-G	3E-6	"(conditioned on rs1426654)"	NR	-	"0.399584 unit increase"	[0.23-0.57]	PTCH1,ERCC6L2-AS1	"Skin reflectance (Melanin index)"	"skin pigmentation"	-	GCST007739	9:95600210	30895295	"Jonnalagadda M"
rs17025239-A	8E-6	-	NR	-	"0.243222 unit decrease"	[0.14-0.35]	USH2A	"Skin reflectance (Melanin index)"	"skin pigmentation"	-	GCST007739	1:215724880	30895295	"Jonnalagadda M"
rs78515650-C	6E-6	-	NR	-	"0.250354 unit increase"	[0.14-0.36]	MLN,LINC01016	"Skin reflectance (Melanin index)"	"skin pigmentation"	-	GCST007739	6:33832563	30895295	"Jonnalagadda M"
rs73311026-A	8E-6	"(conditioned on rs1426654)"	NR	-	"0.476507 unit decrease"	[0.27-0.69]	CYP3A54P,SDK1	"Skin reflectance (Melanin index)"	"skin pigmentation"	-	GCST007739	7:4461165	30895295	"Jonnalagadda M"
chr15:78008491-?	5E-6	"(conditioned on rs1426654)"	NR	-	"0.548084 unit decrease"	[0.31-0.78]	-	"Skin reflectance (Melanin index)"	"skin pigmentation"	-	GCST007739	-	30895295	"Jonnalagadda M"
rs76586863-T	3E-6	"(conditioned on rs1426654)"	NR	-	"0.60333 unit decrease"	[0.35-0.86]	MIR3142HG	"Skin reflectance (Melanin index)"	"skin pigmentation"	-	GCST007739	5:160448978	30895295	"Jonnalagadda M"
rs7127419-A	3E-6	"(conditioned on rs1426654)"	NR	-	"0.675051 unit decrease"	[0.39-0.96]	DISC1FP1	"Skin reflectance (Melanin index)"	"skin pigmentation"	-	GCST007739	11:90315731	30895295	"Jonnalagadda M"
rs35399673-C	1E-6	"(conditioned on rs1426654)"	NR	-	"0.753475 unit decrease"	[0.45-1.06]	RNA5SP189,RAB9BP1	"Skin reflectance (Melanin index)"	"skin pigmentation"	-	GCST007739	5:105193606	30895295	"Jonnalagadda M"
rs61741441-G	2E-6	"(conditioned on rs1426654)"	NR	-	"0.737998 unit decrease"	[0.43-1.04]	RPL5P9,ACOXL	"Skin reflectance (Melanin index)"	"skin pigmentation"	-	GCST007739	2:110968164	30895295	"Jonnalagadda M"
rs835151-A	1E-6	"(conditioned on rs1426654)"	NR	-	"0.821533 unit increase"	[0.49-1.16]	HNRNPKP5	"Skin reflectance (Melanin index)"	"skin pigmentation"	-	GCST007739	5:14877672	30895295	"Jonnalagadda M"
rs376610691-C	6E-6	"(conditioned on rs1426654)"	NR	-	"0.869385 unit increase"	[0.49-1.25]	HMGN1P31,CDH20	"Skin reflectance (Melanin index)"	"skin pigmentation"	-	GCST007739	18:61224836	30895295	"Jonnalagadda M"
chr8:5641087-TG	1E-6	"(conditioned on rs1426654)"	NR	-	"0.939467 unit decrease"	[0.56-1.32]	-	"Skin reflectance (Melanin index)"	"skin pigmentation"	-	GCST007739	-	30895295	"Jonnalagadda M"
chr9:40323553-G	8E-6	"(conditioned on rs1426654)"	NR	-	"0.871141 unit decrease"	[0.49-1.25]	-	"Skin reflectance (Melanin index)"	"skin pigmentation"	-	GCST007739	-	30895295	"Jonnalagadda M"
rs10737883-C	3E-6	"(conditioned on rs1426654)"	NR	-	"1.00959 unit increase"	[0.59-1.43]	RSL24D1P4,PLD5	"Skin reflectance (Melanin index)"	"skin pigmentation"	-	GCST007739	1:242645039	30895295	"Jonnalagadda M"
rs147237492-T	5E-6	"(conditioned on rs1426654)"	NR	-	"1.05296 unit decrease"	[0.6-1.51]	ARHGAP11A-SCG5,SCG5	"Skin reflectance (Melanin index)"	"skin pigmentation"	-	GCST007739	15:32687900	30895295	"Jonnalagadda M"
rs11636073-T	8E-9	-	NR	-	"0.354282 unit decrease"	[0.23-0.47]	SLC12A1	"Skin reflectance (Melanin index)"	"skin pigmentation"	-	GCST007739	15:48246829	30895295	"Jonnalagadda M"
rs1224653-C	2E-7	-	NR	-	"0.329455 unit decrease"	[0.21-0.45]	SEMA6D	"Skin reflectance (Melanin index)"	"skin pigmentation"	-	GCST007739	15:47702908	30895295	"Jonnalagadda M"
rs8084144-A	9E-6	-	NR	-	"0.285027 unit decrease"	[0.16-0.41]	TSHZ1,SMIM21	"Skin reflectance (Melanin index)"	"skin pigmentation"	-	GCST007739	18:75375515	30895295	"Jonnalagadda M"
rs16887871-T	6E-6	-	NR	-	"0.301555 unit increase"	[0.17-0.43]	U6,ECM1P2	"Skin reflectance (Melanin index)"	"skin pigmentation"	-	GCST007739	4:12932209	30895295	"Jonnalagadda M"
rs2272756-A	3E-6	-	NR	-	"0.324533 unit increase"	[0.19-0.46]	NOC2L	"Skin reflectance (Melanin index)"	"skin pigmentation"	-	GCST007739	1:946653	30895295	"Jonnalagadda M"
chr13:111657489-A	1E-6	-	NR	-	"0.369237 unit decrease"	[0.22-0.52]	-	"Skin reflectance (Melanin index)"	"skin pigmentation"	-	GCST007739	-	30895295	"Jonnalagadda M"
rs6429197-C	7E-6	-	NR	-	"0.384576 unit increase"	[0.22-0.55]	GNG4	"Skin reflectance (Melanin index)"	"skin pigmentation"	-	GCST007739	1:235611717	30895295	"Jonnalagadda M"
rs4842464-C	2E-6	-	NR	-	"0.438362 unit decrease"	[0.26-0.62]	RPL23AP68,CYCSP30	"Skin reflectance (Melanin index)"	"skin pigmentation"	-	GCST007739	12:87476312	30895295	"Jonnalagadda M"
rs16960981-G	2E-7	-	NR	-	"0.506585 unit increase"	[0.32-0.7]	FBN1	"Skin reflectance (Melanin index)"	"skin pigmentation"	-	GCST007739	15:48472745	30895295	"Jonnalagadda M"
rs4130120-C	2E-6	-	NR	-	"0.48551 unit decrease"	[0.29-0.68]	CASC11,CASC8	"Skin reflectance (Melanin index)"	"skin pigmentation"	-	GCST007739	8:127632710	30895295	"Jonnalagadda M"
rs187096292-G	5E-6	"(conditioned on rs1426654)"	NR	-	"1.2935 unit decrease"	[0.74-1.85]	CICP28,TRIM60P16	"Skin reflectance (Melanin index)"	"skin pigmentation"	-	GCST007739	7:56655753	30895295	"Jonnalagadda M"
rs895267-A	7E-6	"(conditioned on rs1426654)"	NR	-	"0.253269 unit decrease"	[0.14-0.36]	PAG1	"Skin reflectance (Melanin index)"	"skin pigmentation"	-	GCST007739	8:80993298	30895295	"Jonnalagadda M"
chr1:214351743-T	6E-6	"(conditioned on rs1426654)"	NR	-	"1.49357 unit decrease"	[0.85-2.14]	-	"Skin reflectance (Melanin index)"	"skin pigmentation"	-	GCST007739	-	30895295	"Jonnalagadda M"
rs7913440-C	5E-6	-	NR	-	"0.24137 unit increase"	[0.14-0.35]	LINC00709,HSP90AB7P	"Skin reflectance (Melanin index)"	"skin pigmentation"	-	GCST007739	10:9598581	30895295	"Jonnalagadda M"
rs4842610-T	2E-6	"(conditioned on rs1426654)"	NR	-	"0.27829 unit decrease"	[0.16-0.39]	Y_RNA,TMTC3	"Skin reflectance (Melanin index)"	"skin pigmentation"	-	GCST007739	12:88417912	30895295	"Jonnalagadda M"
rs4463718-G	1E-6	-	NR	-	"0.262495 unit increase"	[0.16-0.37]	LINC01755	"Skin reflectance (Melanin index)"	"skin pigmentation"	-	GCST007739	1:55440394	30895295	"Jonnalagadda M"
rs9460028-A	4E-6	"(conditioned on rs1426654)"	NR	-	"0.409592 unit decrease"	[0.24-0.58]	RPL12P23,LINC00574	"Skin reflectance (Melanin index)"	"skin pigmentation"	-	GCST007739	6:170064062	30895295	"Jonnalagadda M"
rs12147172-A	7E-6	"(conditioned on rs1426654)"	NR	-	"0.436113 unit increase"	[0.25-0.63]	BNIP3P1,MIR3171HG	"Skin reflectance (Melanin index)"	"skin pigmentation"	-	GCST007739	14:27883925	30895295	"Jonnalagadda M"
rs4370538-G	6E-6	"(conditioned on rs1426654)"	NR	-	"0.445272 unit decrease"	[0.25-0.64]	SLCO5A1	"Skin reflectance (Melanin index)"	"skin pigmentation"	-	GCST007739	8:69745595	30895295	"Jonnalagadda M"
rs374951721-G	4E-7	"(conditioned on rs1426654)"	NR	-	"0.52564 unit increase"	[0.32-0.73]	RIMS2	"Skin reflectance (Melanin index)"	"skin pigmentation"	-	GCST007739	8:104147253	30895295	"Jonnalagadda M"
rs13278114-G	7E-6	-	NR	-	"0.24775 unit increase"	[0.14-0.36]	ADI1P2,GASAL1	"Skin reflectance (Melanin index)"	"skin pigmentation"	-	GCST007739	8:102712670	30895295	"Jonnalagadda M"
rs10848158-C	6E-6	-	NR	-	"0.249954 unit decrease"	[0.14-0.36]	RIMBP2	"Skin reflectance (Melanin index)"	"skin pigmentation"	-	GCST007739	12:130607421	30895295	"Jonnalagadda M"
rs4355331-G	4E-6	-	NR	-	"0.260034 unit increase"	[0.15-0.37]	C4orf50	"Skin reflectance (Melanin index)"	"skin pigmentation"	-	GCST007739	4:6021527	30895295	"Jonnalagadda M"
rs13198547-A	7E-6	-	NR	-	"0.255861 unit increase"	[0.14-0.37]	UNC93A	"Skin reflectance (Melanin index)"	"skin pigmentation"	-	GCST007739	6:167304908	30895295	"Jonnalagadda M"
rs1453858-A	1E-15	-	NR	-	"0.455591 unit increase"	[0.34-0.57]	LINC01491,SLC24A5	"Skin reflectance (Melanin index)"	"skin pigmentation"	-	GCST007739	15:48011913	30895295	"Jonnalagadda M"
chr15:48116397-C	4E-7	-	NR	-	"0.290187 unit increase"	[0.18-0.4]	-	"Skin reflectance (Melanin index)"	"skin pigmentation"	-	GCST007739	-	30895295	"Jonnalagadda M"
rs5771001-T	7E-6	-	NR	-	"0.264628 unit decrease"	[0.15-0.38]	SBF1	"Skin reflectance (Melanin index)"	"skin pigmentation"	-	GCST007739	22:50456591	30895295	"Jonnalagadda M"
rs9819158-?	2E-8	-	NR	-	-	-	SERPINI1	"Skin, hair and eye pigmentation (multivariate analysis)"	"eye colour measurement,strand of hair color,skin pigmentation"	-	GCST007451	3:167762873	30664655	"Adhikari K"
rs28777-?	9E-127	-	NR	-	-	-	SLC45A2	"Skin, hair and eye pigmentation (multivariate analysis)"	"eye colour measurement,strand of hair color,skin pigmentation"	-	GCST007451	5:33958854	30664655	"Adhikari K"
rs12203592-?	4E-43	-	NR	-	-	-	IRF4	"Skin, hair and eye pigmentation (multivariate analysis)"	"eye colour measurement,strand of hair color,skin pigmentation"	-	GCST007451	6:396321	30664655	"Adhikari K"
rs11198112-?	2E-8	-	NR	-	-	-	RAB11FIP2,LINC02674	"Skin, hair and eye pigmentation (multivariate analysis)"	"eye colour measurement,strand of hair color,skin pigmentation"	-	GCST007451	10:117804632	30664655	"Adhikari K"
rs7118677-?	8E-10	-	NR	-	-	-	GRM5	"Skin, hair and eye pigmentation (multivariate analysis)"	"eye colour measurement,strand of hair color,skin pigmentation"	-	GCST007451	11:88778356	30664655	"Adhikari K"
rs1126809-?	7E-13	-	NR	-	-	-	TYR	"Skin, hair and eye pigmentation (multivariate analysis)"	"eye colour measurement,strand of hair color,skin pigmentation"	-	GCST007451	11:89284793	30664655	"Adhikari K"
rs1800407-?	1E-12	-	NR	-	-	-	OCA2	"Skin, hair and eye pigmentation (multivariate analysis)"	"eye colour measurement,strand of hair color,skin pigmentation"	-	GCST007451	15:27985172	30664655	"Adhikari K"
rs1800404-?	4E-18	-	NR	-	-	-	OCA2	"Skin, hair and eye pigmentation (multivariate analysis)"	"eye colour measurement,strand of hair color,skin pigmentation"	-	GCST007451	15:27990627	30664655	"Adhikari K"
rs12913832-?	1E-200	-	NR	-	-	-	HERC2	"Skin, hair and eye pigmentation (multivariate analysis)"	"eye colour measurement,strand of hair color,skin pigmentation"	-	GCST007451	15:28120472	30664655	"Adhikari K"
rs4778249-?	6E-21	-	NR	-	-	-	HERC2	"Skin, hair and eye pigmentation (multivariate analysis)"	"eye colour measurement,strand of hair color,skin pigmentation"	-	GCST007451	15:28135372	30664655	"Adhikari K"
rs1426654-?	4E-150	-	NR	-	-	-	SLC24A5	"Skin, hair and eye pigmentation (multivariate analysis)"	"eye colour measurement,strand of hair color,skin pigmentation"	-	GCST007451	15:48134287	30664655	"Adhikari K"
